num_listings,median_price
52,120.0
27,62.99
15,120.0
29,48.99
10,142.495
28,45.0
9,86.99
14,78.17
48,44.22
8,69.975
10,54.0
19,120.0
12,51.995000000000005
49,100.0
22,25.0
48,50.0
15,24.0
9,48.99
56,45.0
13,59.99
25,30.0
13,80.0
12,47.5
14,40.0
8,134.995
70,50.0
70,22.5
23,60.0
39,69.49
17,130.0
69,229.0
51,40.0
37,77.0
17,100.0
19,63.0
9,100.0
28,249.99
43,30.0
7,45.0
16,57.495000000000005
14,150.0
45,75.0
13,60.0
5,20.0
66,29.5
4,51.49
19,49.0
9,38.0
56,75.0
8,20.0
15,99.0
16,52.0
26,40.0
39,50.0
55,44.99
17,100.0
17,30.0
8,50.0
82,30.0
16,47.5
37,55.0
12,49.495000000000005
7,47.99
31,32.0
26,54.995000000000005
2,83.0
6,89.995
14,119.0
3,130.0
6,73.495
5,60.0
7,55.0
10,122.475
28,39.0
13,41.99
8,97.0
99,70.0
13,40.0
56,40.0
23,150.0
15,200.0
11,73.0
30,225.0
9,78.0
11,39.95
12,110.0
11,20.0
10,117.5
13,45.0
8,67.0
51,12.0
13,98.0
14,50.0
20,75.0
20,50.0
12,37.0
68,25.0
5,54.99
92,25.0
13,71.0
22,40.0
20,66.5
15,110.0
6,14.495000000000001
11,150.0
5,50.0
12,85.0
30,28.994999999999997
20,70.0
29,32.0
26,40.0
14,105.0
13,14.0
12,72.5
50,61.980000000000004
106,35.0
17,28.0
27,35.0
15,60.0
12,184.495
23,80.0
6,69.995
3,20.0
12,40.0
3,19.99
11,30.0
35,70.0
32,10.0
4,140.0
89,35.0
29,35.0
6,25.0
40,36.5
37,100.0
9,24.99
10,64.99
19,45.0
23,25.0
69,35.0
18,78.5
13,60.0
15,42.0
7,60.0
52,35.0
11,33.0
7,175.0
8,109.5
16,48.0
14,50.0
27,49.99
33,45.0
26,25.0
6,37.75
27,45.0
33,40.0
16,53.995000000000005
5,18.99
24,52.495000000000005
8,41.0
31,20.0
5,44.99
6,29.244999999999997
0,0.0
1,8.0
19,30.0
20,35.0
9,20.0
19,15.0
6,29.5
6,40.0
27,35.0
40,40.0
22,70.0
28,40.0
8,115.445
19,59.49
8,127.5
40,25.0
35,25.0
13,50.0
44,37.5
6,32.5
4,37.5
17,65.43
5,10.0
38,35.0
29,37.5
13,28.0
1,65.0
5,25.0
9,30.0
5,90.0
9,44.99
17,29.0
7,55.0
5,140.0
15,20.0
4,53.0
3,20.0
6,33.99
24,30.0
14,64.495
5,60.0
6,32.5
14,35.0
11,39.95
62,30.0
14,332.45
9,50.0
25,35.0
4,70.0
26,67.99
9,38.99
25,17.0
38,33.47
20,144.995
8,85.0
30,39.5
5,6.0
22,62.5
16,82.5
9,25.0
4,45.0
7,98.99
8,29.979999999999997
19,120.0
10,153.995
31,47.0
39,50.0
6,45.0
7,100.0
11,40.0
28,50.0
37,70.0
15,124.99
10,85.0
82,35.5
18,44.99
10,100.0
12,20.0
11,22.78
19,30.0
3,38.0
5,80.0
17,29.99
36,30.0
37,30.0
93,30.0
21,15.0
46,40.0
3,28.99
43,30.0
11,19.99
14,69.5
12,88.18
4,99.495
26,33.0
19,60.0
40,20.0
5,55.99
66,10.0
10,53.495000000000005
5,44.99
6,25.0
38,30.0
2,33.0
6,50.0
18,50.0
14,60.0
50,50.0
4,22.494999999999997
7,39.0
13,35.0
26,22.5
9,47.0
28,28.0
8,39.495000000000005
44,34.475
17,45.0
22,13.495000000000001
21,80.0
13,25.0
9,35.0
12,40.0
18,35.475
0,0.0
8,34.995000000000005
6,47.49
4,35.995
21,18.0
19,30.0
31,45.39
15,30.0
14,35.0
16,60.0
14,48.0
38,40.5
29,35.0
25,60.0
8,21.0
4,98.75
16,32.5
11,44.97
15,150.0
18,265.0
8,26.244999999999997
7,150.0
38,80.0
5,120.0
19,150.0
11,70.0
46,25.5
4,39.995000000000005
10,23.89
27,55.0
14,26.0
14,30.990000000000002
23,14.98
20,52.5
26,14.95
4,82.5
7,25.0
13,61.99
0,0.0
3,74.0
3,90.0
31,35.0
92,35.0
32,25.0
14,13.5
20,30.0
3,35.0
16,43.5
16,107.0
10,80.0
5,112.47
4,41.995000000000005
40,25.0
25,30.0
25,35.0
13,40.0
2,29.990000000000002
14,39.2
28,25.0
5,59.0
21,150.0
5,78.99
12,150.0
20,75.0
12,40.0
11,35.0
59,50.0
16,30.994999999999997
15,40.0
0,0.0
11,100.0
3,28.0
12,60.0
15,60.0
31,40.0
4,89.5
7,44.99
11,15.0
6,62.495
8,114.99
18,29.0
11,55.0
4,23.994999999999997
41,109.96
11,25.0
2,64.995
27,15.0
3,30.0
1,110.0
9,13.25
3,50.0
6,25.0
31,45.0
8,50.99
11,80.0
22,25.0
17,40.0
20,35.5
38,7.245
0,0.0
23,25.0
16,70.0
6,45.995000000000005
14,164.5
32,37.5
79,25.0
10,81.995
20,31.495
9,44.0
4,9.5
33,15.0
6,39.995
6,12.0
8,150.0
31,12.0
21,75.0
30,24.0
25,13.99
23,10.0
3,55.0
1,38.99
8,140.0
15,60.0
6,15.995000000000001
23,20.0
10,65.0
15,75.0
28,40.0
4,36.5
2,31.47
3,80.0
5,39.99
8,51.495000000000005
22,20.0
39,23.0
36,20.0
2,72.245
16,19.994999999999997
8,61.5
6,147.5
22,33.5
15,20.0
10,45.0
71,50.0
14,55.99
5,95.0
14,36.489999999999995
1,25.0
23,50.0
22,32.475
12,108.995
16,48.495000000000005
23,38.49
5,7.5
20,8.0
27,30.0
12,50.0
21,199.98
2,13.495000000000001
16,87.5
25,13.0
10,35.975
12,29.0
19,63.0
10,49.95
5,20.0
39,29.95
27,80.0
3,60.0
4,62.495000000000005
14,77.495
48,31.0
27,50.0
19,60.0
8,200.0
13,19.0
30,52.905
0,0.0
0,0.0
22,77.475
10,21.0
35,25.0
38,20.0
12,25.0
38,25.0
11,89.99
37,40.0
5,40.0
8,117.5
28,74.44
21,46.78
6,97.475
1,100.0
9,30.0
2,20.494999999999997
11,22.48
14,59.989999999999995
22,80.0
8,57.5
6,175.0
9,45.0
10,20.0
16,49.995000000000005
25,35.0
8,77.0
24,29.744999999999997
20,25.0
4,39.495000000000005
2,30.5
34,27.0
39,10.0
6,60.0
1,49.0
8,14.975
3,278.99
52,59.5
2,65.0
6,55.0
16,49.98
0,0.0
2,9.5
1,40.0
10,92.5
8,9.5
8,13.5
82,29.994999999999997
2,117.5
29,40.0
16,70.5
2,55.0
9,50.0
16,78.17
15,50.0
2,99.995
15,35.0
2,63.495000000000005
5,39.99
10,40.0
27,26.49
18,77.495
28,24.994999999999997
33,20.0
1,60.0
16,72.0
10,8.5
28,47.5
9,50.0
8,27.5
8,36.5
13,65.0
2,14.0
11,60.0
52,25.0
29,30.0
7,60.0
1,110.0
39,20.0
14,130.0
21,30.0
49,24.0
6,77.5
7,64.99
3,23.99
58,25.0
45,30.0
1,15.0
7,60.0
17,28.0
9,60.0
13,40.0
20,10.0
13,63.95
1,148.99
0,0.0
9,55.0
18,192.5
6,60.0
7,125.0
18,10.0
9,50.0
9,140.0
12,27.744999999999997
11,20.0
11,200.0
8,26.229999999999997
15,65.0
2,57.225
16,25.244999999999997
14,65.0
6,100.0
4,65.0
32,32.0
13,35.0
4,39.495000000000005
22,36.5
7,90.0
4,22.5
2,54.245
12,28.5
2,94.995
3,84.0
23,65.0
26,26.975
15,64.0
7,45.0
2,140.0
5,24.0
17,54.99
24,35.0
33,39.95
5,65.0
32,30.0
18,75.0
34,40.0
69,24.99
3,35.0
7,33.0
14,40.0
14,21.5
6,15.495000000000001
5,38.99
33,20.0
8,14.995000000000001
3,37.0
16,50.0
16,17.25
22,43.5
10,15.0
24,51.31
10,282.0
5,13.0
31,10.0
17,45.0
5,7.0
9,24.15
18,17.494999999999997
10,72.47999999999999
20,45.0
12,29.0
2,33.0
1,18.0
2,30.0
2,42.49
14,39.495000000000005
7,24.0
7,60.0
8,84.31
3,32.0
16,72.5
13,55.3
28,12.0
16,55.0
4,61.985
36,30.0
13,15.0
24,13.74
9,35.0
21,25.0
12,62.475
9,90.0
4,140.0
14,26.0
24,33.5
1,47.96
3,34.9
9,50.0
12,7.0
2,21.5
30,29.5
17,20.0
13,85.0
16,35.5
2,50.0
16,58.975
6,49.0
17,50.0
7,28.99
8,46.995000000000005
13,48.0
10,26.97
20,42.5
11,80.0
1,39.99
7,99.0
2,125.0
5,15.0
1,80.0
5,60.0
8,17.475
8,45.495000000000005
21,13.95
7,33.0
18,20.0
0,0.0
6,30.0
3,59.99
2,45.0
7,19.0
8,22.5
16,30.98
9,35.0
32,39.0
22,45.0
6,59.245000000000005
8,41.495000000000005
8,92.5
2,22.494999999999997
8,162.5
27,50.0
7,25.0
18,20.0
8,45.480000000000004
53,25.0
7,100.0
0,0.0
8,31.494999999999997
22,16.5
6,122.5
5,70.0
20,27.5
4,50.0
10,30.0
3,34.99
13,45.0
17,35.0
14,14.305
5,75.0
3,25.0
25,30.0
2,25.0
1,75.0
4,13.995000000000001
17,25.0
20,7.0
75,10.0
15,40.0
28,35.0
4,49.995000000000005
4,15.995
10,27.494999999999997
17,90.0
10,35.0
28,205.0
16,35.5
16,35.0
12,42.5
16,17.5
21,100.0
4,43.995000000000005
17,60.0
20,44.5
26,24.5
16,42.495000000000005
8,60.0
20,202.5
7,41.99
5,18.0
11,19.0
0,0.0
10,225.0
1,19.79
28,20.0
4,17.5
23,15.0
15,30.0
2,76.49
7,38.99
18,20.0
5,75.0
10,35.0
5,60.0
3,40.0
14,5.5
14,84.995
13,30.0
22,37.165
4,7.5
9,25.0
3,250.0
13,35.0
2,92.495
23,60.0
1,20.0
3,300.0
10,30.0
2,37.0
11,35.0
5,48.99
9,25.0
14,42.5
11,36.99
2,49.0
2,37.495000000000005
3,39.98
4,110.0
8,54.5
9,20.0
14,10.0
3,42.0
13,80.0
3,10.0
4,187.5
5,38.99
3,300.0
6,61.5
4,89.975
18,13.995000000000001
18,30.0
7,36.34
2,24.994999999999997
3,30.0
8,25.0
6,69.5
1,80.0
8,115.0
8,26.0
7,37.49
1,40.0
16,30.0
50,262.5
16,28.5
3,36.0
5,60.0
7,80.0
32,35.0
6,42.945
32,62.5
25,30.0
19,29.95
8,22.0
2,475.0
11,100.0
3,50.0
7,30.0
13,114.99
9,18.0
8,59.495000000000005
3,39.99
9,80.0
7,15.0
11,39.95
7,22.99
2,142.0
17,19.0
3,100.0
23,19.0
22,19.994999999999997
11,59.95
4,27.5
4,59.5
17,15.0
0,0.0
7,58.95
0,0.0
5,74.78
5,29.0
13,51.99
10,20.0
15,48.0
4,41.245000000000005
11,14.99
5,19.0
24,50.0
17,30.0
0,0.0
8,10.0
10,45.0
8,45.0
7,22.0
12,16.880000000000003
8,299.5
84,20.0
8,70.0
30,30.0
3,60.0
19,30.0
17,30.0
29,41.63
0,0.0
20,60.0
6,48.495000000000005
6,50.0
6,23.75
10,144.995
9,75.0
20,124.99000000000001
21,20.0
2,81.995
22,37.0
0,0.0
6,109.5
14,194.495
3,30.0
42,35.0
11,17.0
22,60.0
2,19.244999999999997
19,12.5
1,60.0
4,46.495000000000005
6,26.5
8,37.0
7,50.0
11,75.0
16,45.0
2,55.0
0,0.0
17,25.0
5,38.0
25,20.0
2,41.5
2,50.0
5,15.99
1,60.0
9,6.0
14,24.0
17,40.0
6,18.995
16,35.0
9,30.0
9,27.0
24,21.0
11,55.0
11,20.0
14,27.475
20,51.5
13,30.0
9,40.0
3,180.0
21,30.0
1,34.99
21,28.0
2,100.0
6,27.5
7,95.0
28,52.5
0,0.0
2,118.24000000000001
4,21.5
2,28.5
10,34.09
26,15.0
14,42.5
3,24.98
4,57.5
2,41.995000000000005
7,65.0
19,45.0
18,27.5
6,20.5
10,49.0
11,32.0
24,13.475
11,59.99
18,209.5
10,15.375
4,67.995
9,53.6
10,14.25
5,120.0
15,40.0
6,19.0
22,15.0
3,45.43
3,14.0
2,37.5
5,28.99
9,149.0
3,50.0
1,5.0
18,13.0
3,19.98
13,55.0
40,29.5
10,9.5
8,24.5
10,70.0
6,30.0
8,43.49
15,27.0
17,30.0
10,21.990000000000002
16,15.0
7,20.0
17,59.0
5,62.99
1,59.0
12,77.5
13,80.0
43,20.0
9,55.0
71,20.0
10,37.5
3,78.99
9,70.0
5,40.0
17,50.0
7,25.0
9,40.0
18,25.0
24,33.015
15,40.0
9,60.0
15,35.0
75,20.0
10,49.5
1,17.0
3,20.0
1,80.0
16,31.0
6,8.495000000000001
1,120.0
18,6.745
8,32.175
20,30.0
5,45.0
12,28.0
20,14.975
4,10.99
4,11.995000000000001
18,52.5
6,49.5
53,20.0
0,0.0
13,49.99
14,41.0
5,25.0
2,125.0
12,42.0
4,59.25
17,25.0
7,10.0
8,21.595
5,49.0
12,39.995000000000005
0,0.0
7,60.0
4,32.480000000000004
20,31.5
1,14.99
49,20.0
12,35.0
10,24.5
14,30.0
1,5.0
12,27.5
31,36.99
46,38.5
5,16.34
30,50.0
5,18.0
2,700.0
12,22.975
2,38.5
7,30.0
4,51.66
7,26.34
14,90.0
5,29.0
4,25.0
7,60.0
1,79.0
18,175.0
11,18.0
1,18.0
9,28.0
6,52.475
3,10.0
13,35.0
0,0.0
1,49.0
15,59.96
7,24.0
8,80.0
10,26.0
6,23.740000000000002
7,15.0
11,38.0
10,100.405
6,47.475
12,40.0
4,8.0
6,37.5
7,70.0
0,0.0
14,5.0
0,0.0
14,19.955
5,40.0
10,30.0
14,34.975
15,35.0
0,0.0
25,15.0
22,9.49
9,19.0
27,95.0
30,87.0
17,10.0
6,8.25
1,25.0
2,15.0
13,55.0
4,19.979999999999997
1,19.0
4,8.5
5,10.0
1,120.0
11,25.95
3,34.99
9,20.0
15,21.99
6,45.0
6,9.0
10,29.0
8,47.5
2,75.0
8,49.0
11,34.99
8,117.5
9,15.96
10,9.5
15,45.0
8,36.99
8,8.0
16,40.0
25,89.99
2,41.495000000000005
18,8.495000000000001
29,20.0
7,10.0
7,90.0
6,62.0
9,30.0
0,0.0
5,10.0
15,18.0
15,70.0
2,15.0
11,15.0
18,39.5
1,34.49
8,33.5
8,50.0
4,60.0
0,0.0
18,112.5
10,21.0
19,75.0
3,19.99
1,18.0
10,11.0
9,120.0
19,36.0
9,50.0
3,47.99
15,31.65
0,0.0
7,34.99
5,25.0
0,0.0
14,79.5
1,20.0
7,89.99
11,55.0
18,26.0
17,25.0
4,63.0
13,40.0
2,135.0
1,28.0
21,22.95
17,60.0
23,15.0
2,22.475
2,174.995
9,15.0
14,44.5
8,17.0
1,10.0
29,55.0
9,20.0
19,8.0
18,20.0
1,15.0
6,42.495000000000005
10,44.975
6,59.995
6,60.0
12,30.0
14,15.0
3,100.0
2,22.994999999999997
0,0.0
3,17.95
4,90.0
15,30.0
2,19.0
18,30.0
9,30.0
11,400.0
30,16.0
1,120.0
29,55.0
1,50.0
1,38.99
11,25.0
1,60.0
14,130.0
5,59.95
71,20.0
1,25.0
4,34.975
3,7.0
8,13.75
9,60.0
10,17.494999999999997
19,30.0
1,14.99
12,46.5
5,36.34
19,7.0
2,19.5
3,25.0
2,23.494999999999997
20,25.0
4,38.495000000000005
15,30.0
3,40.0
7,10.0
7,22.0
4,60.0
0,0.0
7,35.0
1,70.0
7,38.0
11,32.0
6,74.995
0,0.0
13,30.0
4,155.0
8,60.0
31,100.0
14,90.0
8,120.0
24,38.495000000000005
24,20.0
2,36.72
19,40.0
2,142.5
15,15.0
2,32.495000000000005
5,20.0
26,20.0
4,95.0
17,24.0
39,22.5
17,30.0
4,20.0
6,91.645
11,45.0
9,15.0
35,18.0
3,75.0
17,39.95
3,15.0
12,27.5
1,300.0
6,31.495
9,59.0
19,25.0
9,80.0
26,15.0
3,55.0
4,110.0
5,129.95
30,11.0
20,30.0
5,55.0
8,25.0
0,0.0
5,50.0
12,15.0
5,128.99
6,11.690000000000001
5,150.0
2,92.495
8,55.0
5,38.0
46,20.0
2,13.75
43,95.0
10,35.0
7,46.27
10,32.495000000000005
8,17.0
16,305.0
14,61.5
3,60.0
4,64.495
18,39.985
2,19.994999999999997
22,23.25
5,40.0
6,8.5
12,196.0
3,77.0
7,25.98
13,80.0
2,299.995
8,37.5
2,45.0
27,17.0
4,47.5
4,10.0
0,0.0
24,11.5
4,87.5
7,8.0
2,25.0
2,117.5
21,1.0
13,20.0
33,17.95
16,23.494999999999997
10,35.0
2,110.0
16,39.22
20,14.995000000000001
6,175.0
4,8.5
0,0.0
28,51.0
7,30.0
17,40.0
1,20.0
0,0.0
4,77.5
3,10.0
12,30.0
4,275.0
5,9.0
2,80.0
1,50.0
3,50.0
2,11.5
12,21.0
5,57.99
9,100.0
4,24.0
3,122.25
7,100.0
4,16.03
12,54.3
2,58.995000000000005
2,57.495
5,16.0
3,25.0
15,25.0
13,15.0
20,60.0
9,24.0
9,70.0
3,75.0
2,74.97
17,80.0
15,110.0
5,60.0
15,20.0
9,20.0
7,22.99
5,19.99
1,40.0
5,12.0
4,89.5
1,75.0
3,70.0
7,85.0
2,34.995
27,33.95
8,13.495000000000001
11,25.0
8,10.0
14,22.5
4,105.0
4,94.97999999999999
5,15.0
7,25.0
11,60.0
0,0.0
17,199.0
0,0.0
17,39.99
2,39.995
6,23.975
8,10.0
19,30.0
3,70.0
17,20.0
2,57.489999999999995
4,10.5
14,32.5
16,37.99
4,60.0
7,25.0
6,33.49
5,50.0
6,32.5
3,30.0
0,0.0
6,42.5
1,30.0
8,35.995000000000005
4,29.0
7,55.0
4,64.49
3,42.0
3,20.0
0,0.0
5,15.0
4,14.495000000000001
11,30.0
8,23.485
7,29.0
3,15.0
18,20.0
1,36.0
10,27.5
14,11.0
8,32.0
2,31.35
2,32.5
23,40.0
3,145.0
7,18.0
0,0.0
1,17.0
6,8.0
6,116.0
10,39.0
2,80.0
4,76.495
5,24.95
9,40.0
3,85.0
6,10.5
6,80.0
1,68.0
3,46.0
5,129.0
7,14.95
3,18.0
4,45.0
13,7.0
3,20.0
24,19.975
5,85.0
7,6.0
4,92.5
8,20.0
2,42.49
4,44.975
11,40.0
25,40.0
15,20.0
19,20.0
7,75.0
6,29.994999999999997
9,15.0
9,19.0
19,40.0
17,35.0
17,95.0
11,25.0
25,45.0
2,39.495000000000005
3,50.0
3,53.99
2,121.995
5,22.0
4,16.494999999999997
12,62.495000000000005
1,34.99
2,63.5
14,20.0
7,38.0
3,25.0
15,21.0
11,54.99
27,20.0
9,10.0
11,125.0
9,34.99
1,10.0
20,22.0
2,16.5
29,25.0
9,30.0
9,15.0
0,0.0
1,18.0
21,20.0
6,76.995
2,134.49
0,0.0
27,18.0
5,48.99
1,184.99
0,0.0
2,24.494999999999997
7,21.99
5,70.0
2,11.745000000000001
13,25.0
5,74.99
11,17.0
10,65.0
8,25.0
5,26.0
37,40.0
6,37.5
12,49.5
26,20.0
18,59.5
2,52.5
2,90.0
16,10.0
11,38.0
11,55.0
6,46.495000000000005
18,30.0
23,10.0
6,10.0
1,98.99
27,45.0
4,84.47
0,0.0
3,60.0
2,31.0
2,65.0
7,120.0
0,0.0
1,15.0
8,96.745
9,73.33
25,20.0
3,75.0
3,30.0
5,20.0
3,8.0
1,25.0
11,40.0
5,175.0
9,41.99
8,9.0
11,55.0
13,38.48
0,0.0
22,32.5
12,40.0
32,47.989999999999995
7,45.0
5,14.95
5,17.0
1,68.49
2,36.5
0,0.0
8,18.494999999999997
3,69.0
0,0.0
13,62.96
9,10.0
4,97.5
2,24.994999999999997
1,14.99
8,88.5
21,30.0
5,32.0
9,40.0
1,240.0
12,14.0
3,19.99
10,7.745
6,45.0
8,39.995000000000005
12,23.5
37,27.99
0,0.0
9,20.0
9,49.0
4,13.5
3,40.0
4,12.25
1,59.99
12,13.5
9,150.0
0,0.0
5,100.0
10,32.0
11,20.0
0,0.0
7,25.0
7,10.0
0,0.0
7,25.0
16,39.5
20,12.0
1,55.0
0,0.0
10,15.0
29,25.0
4,15.975
3,39.99
14,28.99
2,11.0
1,19.0
2,134.47
23,130.0
17,10.0
3,38.0
1,120.0
12,27.5
1,25.0
23,275.0
21,32.0
12,17.75
9,15.0
13,100.0
58,25.0
11,45.0
7,20.0
6,64.995
6,45.0
6,44.989999999999995
13,11.0
27,15.0
2,52.5
13,20.0
2,30.0
8,91.655
3,60.0
3,140.0
7,50.0
2,21.0
20,9.5
4,49.0
5,8.0
4,137.0
13,55.0
3,150.0
2,75.0
6,16.0
0,0.0
12,10.0
5,50.0
10,35.995000000000005
9,30.0
17,10.0
13,40.0
5,25.0
7,38.99
35,22.0
12,35.0
5,35.0
1,20.0
13,30.0
9,25.0
3,61.0
4,60.0
15,25.0
3,26.0
6,89.495
7,40.0
19,10.0
6,56.5
7,18.0
6,217.5
2,27.479999999999997
6,85.0
2,13.5
3,19.99
14,35.989999999999995
1,81.0
8,22.5
0,0.0
4,50.0
8,32.5
13,10.0
11,26.99
1,59.99
0,0.0
4,37.5
18,20.0
5,21.58
28,20.0
9,35.0
3,36.0
4,44.0
3,49.99
9,10.0
3,29.99
9,35.0
20,37.5
6,87.5
7,45.0
4,64.975
3,74.0
1,5.0
15,15.0
14,32.475
1,26.0
20,41.0
4,104.5
2,87.5
15,15.0
15,30.0
3,50.0
12,74.99000000000001
5,39.99
16,39.0
21,119.99
1,100.0
4,217.495
11,18.99
2,14.0
1,52.99
6,20.0
9,45.0
4,35.0
19,21.96
1,49.95
5,36.0
5,12.5
0,0.0
3,50.0
8,35.0
39,20.0
6,16.5
35,20.0
1,17.0
2,190.0
2,50.99
4,44.49
2,54.0
23,30.0
0,0.0
7,65.0
2,21.5
1,5.0
3,28.5
3,16.0
4,120.0
5,15.0
17,10.0
12,70.0
5,25.0
2,52.47
1,6.0
13,25.0
7,58.0
13,38.0
2,35.995000000000005
5,200.0
8,13.495000000000001
2,8.5
12,14.495000000000001
15,14.0
2,10.0
19,25.0
2,50.0
19,15.0
2,169.975
12,20.0
19,10.0
10,34.5
5,50.0
12,24.994999999999997
1,100.0
2,30.494999999999997
11,26.0
9,24.49
1,60.0
6,39.325
16,56.0
4,45.0
7,17.0
5,130.0
7,20.0
24,22.5
13,20.0
24,42.5
6,14.495000000000001
12,28.7
4,52.5
6,87.0
1,27.99
4,17.49
5,75.0
1,75.0
6,20.0
26,18.994999999999997
6,65.0
0,0.0
8,26.994999999999997
0,0.0
8,37.0
2,27.494999999999997
29,16.0
4,65.0
12,17.475
5,45.0
20,38.745000000000005
7,25.0
23,18.0
4,30.0
7,25.0
9,11.0
6,357.5
6,47.5
3,22.0
0,0.0
6,37.475
1,30.0
3,30.0
12,25.0
6,27.585
18,179.155
2,27.25
3,40.0
22,29.5
2,20.48
2,45.0
6,16.0
3,25.0
5,38.0
3,80.0
13,49.97
0,0.0
10,29.5
12,75.0
0,0.0
3,32.0
9,20.0
2,29.939999999999998
19,110.0
14,30.0
7,34.95
5,32.48
4,35.5
6,15.0
9,49.0
1,39.0
6,15.5
14,13.225
1,20.0
9,30.0
22,25.0
4,21.5
9,14.0
8,40.0
3,109.94
16,15.0
0,0.0
1,5.0
11,75.0
1,159.95
11,30.0
0,0.0
9,14.0
9,25.0
4,70.0
5,60.0
5,60.0
18,26.994999999999997
2,24.975
1,65.0
10,26.994999999999997
7,12.0
14,16.745
3,38.0
0,0.0
12,32.5
8,287.475
0,0.0
3,90.0
0,0.0
10,15.245000000000001
6,75.0
8,7.25
3,40.0
4,82.0
15,50.0
5,50.0
30,11.0
5,10.0
14,32.5
1,55.0
3,10.49
4,6.74
2,47.5
10,38.5
14,22.5
7,40.0
9,15.0
9,25.0
1,23.0
7,40.0
3,15.0
13,18.0
8,79.5
1,90.0
1,75.0
2,160.0
1,55.0
3,100.0
6,65.0
3,37.0
4,25.0
16,25.0
20,9.0
12,29.5
1,60.0
13,29.95
0,0.0
13,80.0
4,37.5
3,5.0
12,18.0
12,22.0
9,100.0
9,9.49
7,10.0
7,20.0
17,120.0
2,15.5
14,19.89
11,29.0
13,100.0
10,37.5
4,13.495000000000001
7,55.0
1,40.0
18,21.0
1,37.0
5,12.0
27,15.0
2,26.0
1,136.0
0,0.0
15,20.0
9,35.0
14,10.0
7,10.0
9,16.0
1,26.99
1,58.31
12,262.0
4,124.99000000000001
3,75.0
14,51.0
13,12.48
25,12.0
6,137.99
3,124.99
4,91.5
3,45.45
3,40.0
13,19.99
6,37.475
3,10.0
23,48.0
2,16.0
11,80.0
12,14.0
21,15.0
4,13.0
27,15.0
21,8.0
10,29.0
41,15.0
0,0.0
11,295.0
1,14.0
0,0.0
9,57.0
2,80.0
8,37.5
17,45.0
5,20.0
7,5.0
8,32.5
14,16.5
4,25.0
13,40.0
8,42.5
18,15.0
0,0.0
13,25.0
3,30.0
0,0.0
4,44.995000000000005
7,35.0
5,70.0
2,59.995000000000005
4,12.5
4,19.5
6,42.5
0,0.0
6,178.325
0,0.0
8,33.739999999999995
15,55.0
0,0.0
5,26.0
5,38.0
2,33.0
11,55.0
1,63.99
14,10.5
7,170.0
13,20.0
9,25.0
86,25.0
3,39.99
1,35.0
3,20.0
2,15.75
0,0.0
9,55.0
1,4.0
3,14.99
4,69.0
3,40.0
5,48.99
2,11.995000000000001
1,300.0
2,345.0
23,16.99
7,80.0
3,25.0
12,19.475
17,69.49
6,35.0
9,15.0
11,20.0
3,130.0
8,4.75
4,20.0
4,17.994999999999997
11,12.5
1,27.99
12,16.494999999999997
3,35.0
2,137.5
18,39.495000000000005
4,97.5
10,77.245
22,50.0
5,40.0
1,100.0
6,38.5
5,22.71
1,25.0
19,45.0
5,22.99
1,24.99
1,22.0
0,0.0
2,77.5
19,55.0
1,30.0
0,0.0
15,12.0
2,68.0
1,24.95
16,10.0
2,9.995000000000001
5,40.0
0,0.0
4,20.994999999999997
0,0.0
23,30.0
11,7.0
18,20.0
5,55.0
10,6.995
4,112.485
2,87.0
4,43.745000000000005
1,18.0
15,40.0
4,75.0
2,45.0
25,17.95
9,35.0
2,62.5
14,40.0
18,20.0
2,21.5
20,31.03
4,117.5
7,10.0
0,0.0
6,16.0
6,55.0
1,17.0
3,50.0
24,60.0
11,30.0
7,49.99
5,23.95
2,56.995000000000005
26,24.975
7,62.99
3,23.31
12,19.994999999999997
6,5.0
6,239.975
22,20.0
2,24.0
6,21.0
1,80.0
12,75.0
5,69.99
14,10.0
6,44.82
5,25.0
7,30.0
6,95.0
4,19.994999999999997
14,27.494999999999997
1,12.0
0,0.0
5,75.0
19,36.95
9,20.0
2,9.995000000000001
2,23.0
5,39.99
4,35.995
14,14.0
6,48.975
5,10.5
4,9.75
5,43.95
11,32.69
2,33.0
1,17.0
14,13.745000000000001
32,222.5
4,96.995
4,262.5
0,0.0
10,19.5
3,75.0
4,42.475
0,0.0
0,0.0
12,21.990000000000002
21,150.0
0,0.0
3,49.98
10,65.0
2,22.5
5,35.0
6,24.0
3,20.0
4,162.5
2,52.5
8,59.495000000000005
0,0.0
9,15.0
17,40.0
0,0.0
1,129.99
5,49.99
3,22.0
17,22.0
1,80.0
1,50.99
4,43.495000000000005
2,67.5
4,17.5
9,145.0
0,0.0
10,27.494999999999997
15,15.0
19,65.0
4,24.5
1,12.0
5,13.0
3,75.0
0,0.0
21,26.0
4,5.5
7,20.0
5,17.0
0,0.0
12,7.5
14,15.5
7,17.0
3,12.0
3,20.0
13,29.0
0,0.0
0,0.0
4,23.119999999999997
8,23.905
7,34.49
13,22.0
3,11.0
8,40.0
11,25.0
5,65.0
9,25.0
20,25.5
4,45.0
2,35.0
2,22.5
11,90.0
22,15.495000000000001
2,70.0
3,51.48
3,54.99
30,21.5
2,53.99
11,11.0
0,0.0
9,26.0
3,15.0
7,24.0
3,15.0
6,23.0
9,50.0
5,25.0
7,79.99
14,26.25
13,70.0
18,20.0
4,30.990000000000002
8,25.0
1,50.0
12,84.5
4,92.5
6,342.0
3,55.0
24,15.495000000000001
5,8.0
8,14.0
4,75.0
0,0.0
11,33.0
7,12.0
5,13.5
4,28.5
14,11.0
1,20.0
2,28.625
7,20.0
2,64.0
2,18.5
23,15.0
31,135.0
3,40.0
1,45.0
4,58.995000000000005
2,112.495
24,24.5
6,117.5
1,5.0
4,34.0
2,127.5
5,50.0
2,125.0
2,144.995
4,29.5
5,100.0
14,19.0
1,25.0
1,10.0
0,0.0
20,25.0
15,14.0
0,0.0
0,0.0
4,35.5
1,20.0
8,230.0
3,17.98
0,0.0
4,27.5
4,112.5
3,33.0
2,31.5
5,40.0
8,27.475
20,40.0
2,56.995000000000005
3,200.0
11,20.0
1,28.0
19,14.49
14,19.990000000000002
2,97.0
4,12.5
5,88.95
3,99.0
9,32.0
4,78.97999999999999
1,40.0
6,29.985
5,45.0
6,10.74
0,0.0
0,0.0
1,40.0
0,0.0
4,62.5
0,0.0
3,47.0
0,0.0
1,80.0
4,30.0
6,20.0
1,75.0
0,0.0
17,5.0
6,32.495
1,48.99
23,11.0
3,15.0
13,10.0
2,59.0
3,10.0
11,10.0
31,15.0
0,0.0
14,8.75
9,22.0
1,40.0
3,20.0
3,31.99
6,75.0
3,130.0
6,24.244999999999997
6,26.0
23,25.0
5,20.0
3,40.0
10,10.995000000000001
7,35.0
8,16.5
19,24.0
3,15.0
4,25.61
7,19.0
8,30.0
0,0.0
11,85.0
0,0.0
6,98.5
9,29.0
10,110.0
8,32.5
3,75.0
18,48.995000000000005
6,19.490000000000002
10,60.0
5,15.0
0,0.0
0,0.0
9,33.0
13,110.0
4,17.405
5,120.0
1,400.0
16,69.5
3,14.0
5,30.0
1,15.0
2,18.5
5,65.0
0,0.0
22,14.5
1,35.0
20,25.0
13,10.0
5,15.0
3,20.0
7,9.0
2,49.0
4,14.495000000000001
0,0.0
4,38.0
2,387.5
6,32.745
4,20.0
11,43.6
16,19.0
2,18.225
2,16.994999999999997
3,10.0
2,52.475
2,17.475
9,8.0
18,45.0
1,1.0
5,74.98
19,35.0
1,12.0
2,16.994999999999997
14,41.5
0,0.0
5,40.0
2,315.0
3,19.99
0,0.0
4,57.5
6,11.99
2,15.995
0,0.0
22,17.5
10,72.5
6,38.94
11,30.0
4,43.739999999999995
5,12.0
0,0.0
4,72.0
10,110.0
14,20.0
3,19.99
3,5.0
7,10.0
17,35.0
3,45.0
0,0.0
12,60.0
1,150.0
1,94.99
2,12.5
5,55.0
6,37.475
2,24.494999999999997
2,23.5
15,95.0
1,17.94
10,75.0
1,12.99
1,100.0
2,222.20999999999998
4,14.5
1,12.95
4,9.0
0,0.0
0,0.0
1,25.0
1,287.78
0,0.0
5,10.0
0,0.0
4,16.994999999999997
6,82.475
0,0.0
12,30.0
11,10.0
0,0.0
0,0.0
1,27.49
2,36.644999999999996
7,34.95
3,39.65
19,19.0
5,19.95
19,25.0
2,35.0
3,45.0
3,59.0
13,10.0
4,34.995
1,19.99
5,15.0
20,30.0
18,24.494999999999997
0,0.0
12,30.0
6,30.0
13,72.0
5,15.0
10,32.5
4,34.495000000000005
14,8.0
3,90.0
4,19.5
3,100.0
2,30.0
3,35.0
29,20.0
4,22.5
2,48.0
3,65.0
0,0.0
0,0.0
1,100.0
4,52.5
0,0.0
40,25.0
13,15.0
1,275.0
10,12.5
3,58.99
3,65.0
11,25.0
16,35.0
4,89.72
0,0.0
24,15.0
2,275.0
9,32.99
6,15.0
1,23.0
18,68.495
1,7.0
15,25.0
4,400.0
11,40.0
0,0.0
3,25.0
7,15.0
3,44.99
2,75.0
0,0.0
10,30.0
6,21.975
7,30.0
25,25.0
5,20.0
3,40.0
2,47.5
2,35.745
0,0.0
4,11.745000000000001
1,45.0
3,29.0
9,13.0
1,17.0
1,20.0
1,40.0
0,0.0
3,17.49
23,190.0
23,13.0
6,21.75
9,90.0
7,10.89
1,75.0
3,154.95
7,40.0
1,132.0
2,32.495000000000005
3,289.0
7,30.0
13,24.99
4,10.0
0,0.0
1,15.0
5,50.0
5,45.0
2,51.5
0,0.0
6,55.0
12,12.495000000000001
22,15.0
0,0.0
2,312.5
2,7.995
1,5.0
8,75.0
5,18.0
5,90.0
5,85.0
2,44.495000000000005
10,32.0
6,41.475
2,22.98
3,50.0
1,10.46
6,28.665
0,0.0
12,20.0
2,125.0
23,29.99
3,42.45
5,29.0
5,10.0
3,32.0
7,20.0
8,20.0
0,0.0
2,15.5
0,0.0
6,27.5
10,15.0
6,112.495
10,15.0
6,144.995
1,370.0
9,50.0
6,6.0
0,0.0
0,0.0
2,42.5
15,15.0
4,220.0
18,37.5
6,27.744999999999997
0,0.0
2,12.5
2,26.97
7,24.95
2,44.989999999999995
5,19.99
10,19.0
0,0.0
7,20.0
2,20.5
4,18.564999999999998
10,35.0
3,35.0
6,235.0
0,0.0
3,15.0
6,349.5
4,19.994999999999997
6,70.0
0,0.0
20,23.99
2,22.5
2,22.49
4,135.245
0,0.0
4,12.0
5,40.0
14,20.0
15,30.0
6,38.5
14,72.5
2,17.475
14,10.0
4,55.0
5,11.0
10,34.495000000000005
3,12.0
16,26.5
3,49.99
4,25.0
0,0.0
7,34.98
2,26.5
3,24.0
0,0.0
5,80.0
3,23.49
7,30.0
1,8.0
3,20.81
2,116.0
5,10.0
5,25.0
16,16.0
1,12.99
18,8.0
6,16.990000000000002
21,15.0
3,12.0
6,27.0
7,25.0
7,30.0
1,29.99
5,35.0
2,21.5
3,20.0
5,55.0
2,25.0
2,9.0
0,0.0
0,0.0
7,63.99
5,50.0
6,8.375
4,22.475
1,24.99
2,45.0
2,34.355000000000004
8,33.5
4,12.5
33,15.0
0,0.0
4,12.5
20,15.0
0,0.0
8,22.04
8,45.0
1,45.0
6,20.0
0,0.0
3,20.0
8,16.5
6,99.495
3,8.79
10,42.495000000000005
0,0.0
17,19.0
1,39.0
3,120.0
17,19.0
2,54.5
3,120.0
3,115.0
1,39.0
6,31.465
16,29.5
15,180.0
6,25.0
3,30.0
3,130.0
1,10.0
4,14.475000000000001
3,200.0
4,25.0
0,0.0
4,14.0
9,140.0
5,74.0
0,0.0
3,25.0
9,25.0
3,109.0
2,50.995000000000005
3,19.49
5,6.0
2,33.245000000000005
3,14.0
6,13.0
10,13.975
2,67.475
9,15.0
7,40.0
11,9.0
2,56.995
7,88.99
8,10.5
4,15.5
10,26.5
5,10.0
25,10.0
3,28.0
3,150.0
6,26.5
10,32.5
10,29.0
1,60.0
2,12.465
6,25.0
5,37.48
8,80.0
6,35.0
18,25.0
10,32.5
3,30.0
10,11.5
19,20.0
2,37.475
0,0.0
0,0.0
23,17.0
4,9.995000000000001
0,0.0
7,90.0
6,22.494999999999997
0,0.0
10,27.5
1,35.0
2,35.0
3,24.0
16,20.0
0,0.0
6,44.5
0,0.0
1,25.0
7,24.0
0,0.0
6,13.995000000000001
8,55.0
7,24.0
1,23.0
0,0.0
4,25.0
21,30.0
9,135.0
1,80.0
6,11.0
10,32.5
1,90.0
4,60.0
7,30.0
0,0.0
1,70.0
1,21.99
0,0.0
3,50.0
7,35.0
2,34.975
0,0.0
4,12.5
7,45.0
15,20.0
5,25.0
17,78.99
9,10.0
0,0.0
9,20.0
7,10.0
1,55.0
2,34.475
2,40.0
19,20.99
1,50.0
6,5.0
4,42.99
1,29.95
4,42.5
1,54.95
0,0.0
3,50.0
20,8.0
14,5.495
0,0.0
14,44.995000000000005
14,18.994999999999997
12,27.5
4,96.5
3,95.0
2,99.74000000000001
4,33.905
20,30.0
6,11.0
1,12.0
19,15.0
3,22.0
0,0.0
5,5.0
0,0.0
9,50.0
0,0.0
3,75.0
1,45.95
3,32.99
0,0.0
6,20.0
11,26.0
9,30.0
13,17.99
0,0.0
5,10.0
4,47.5
4,45.0
2,20.24
11,22.0
0,0.0
9,18.0
0,0.0
7,30.0
0,0.0
12,17.75
0,0.0
10,7.975
8,20.0
0,0.0
4,157.5
0,0.0
1,45.0
16,14.995000000000001
10,41.0
1,35.0
4,47.489999999999995
12,25.0
5,20.0
7,35.0
0,0.0
5,11.0
0,0.0
12,15.5
10,25.0
9,24.95
7,15.0
1,19.0
3,15.0
3,13.0
5,5.0
5,30.0
4,19.475
6,27.475
1,120.0
0,0.0
38,9.0
7,22.7
11,14.0
17,20.0
1,21.99
0,0.0
0,0.0
11,38.0
1,30.0
10,15.245000000000001
10,15.245000000000001
3,275.0
1,47.0
4,94.975
0,0.0
2,60.0
3,15.0
1,40.0
1,35.0
6,32.495000000000005
0,0.0
5,110.0
2,80.0
3,10.0
4,73.495
0,0.0
4,19.0
1,139.99
1,59.0
11,60.0
4,30.994999999999997
25,40.0
8,75.0
6,210.0
12,42.475
8,32.5
17,34.0
0,0.0
2,74.495
1,70.0
5,20.0
0,0.0
4,14.975
2,20.0
7,20.0
5,23.99
12,17.990000000000002
14,15.0
2,157.5
0,0.0
1,35.0
7,30.0
4,80.0
9,48.99
1,65.0
0,0.0
10,32.5
1,99.0
10,27.5
9,24.0
4,11.5
24,14.0
4,9.5
4,125.0
9,15.0
10,19.0
5,28.95
2,25.0
11,25.0
7,14.0
6,17.5
0,0.0
0,0.0
2,77.9
2,54.995
9,35.0
9,25.0
4,35.0
1,20.0
2,65.0
1,64.98
2,47.5
13,8.0
25,20.0
10,41.0
8,14.495000000000001
2,77.495
9,25.0
14,19.5
6,12.0
9,45.0
15,14.99
4,33.475
2,8.5
0,0.0
0,0.0
6,30.0
1,79.96
8,40.0
5,40.0
13,20.0
0,0.0
9,24.99
0,0.0
4,44.0
3,18.0
5,35.0
13,50.0
5,38.0
1,45.0
2,25.0
16,25.0
7,50.0
7,30.0
1,79.96
2,50.0
3,20.0
2,47.5
5,50.0
1,130.0
7,45.43
1,100.0
1,100.0
0,0.0
12,27.244999999999997
1,12.0
4,20.99
12,25.0
6,27.5
15,10.0
0,0.0
2,79.495
6,32.295
1,16.0
5,35.0
0,0.0
5,135.0
11,95.0
9,24.49
5,21.99
9,55.0
11,50.0
8,26.0
2,67.49
3,13.0
2,250.0
0,0.0
3,20.0
2,17.994999999999997
3,300.0
1,25.0
36,39.0
9,55.0
1,32.0
5,10.0
1,44.0
0,0.0
10,42.5
3,15.0
0,0.0
0,0.0
0,0.0
0,0.0
4,170.0
0,0.0
11,35.0
10,28.994999999999997
1,13.0
0,0.0
6,249.5
5,14.95
3,40.0
2,75.0
0,0.0
2,59.495000000000005
1,130.0
12,7.0
5,60.0
2,14.5
12,26.0
1,19.99
0,0.0
0,0.0
4,31.05
1,50.0
1,15.0
4,85.5
4,37.0
4,48.5
4,45.99
6,21.975
17,35.0
16,10.0
8,14.5
4,50.0
2,27.945
8,10.0
0,0.0
0,0.0
27,40.0
5,27.99
0,0.0
4,30.494999999999997
14,40.0
2,144.975
0,0.0
3,25.0
13,39.98
1,15.0
4,94.745
6,37.5
7,10.0
13,10.0
19,25.0
5,55.0
1,5.0
1,105.0
10,10.0
0,0.0
3,45.0
7,15.0
4,187.0
2,10.245000000000001
0,0.0
19,25.0
0,0.0
6,41.5
11,20.0
2,164.99
1,85.0
4,26.49
8,50.0
5,119.93
0,0.0
4,257.5
4,62.5
17,55.0
3,62.96
1,20.0
0,0.0
1,75.0
4,16.0
1,35.49
7,10.0
19,40.0
18,15.0
2,22.5
0,0.0
13,35.0
0,0.0
0,0.0
1,500.0
0,0.0
8,32.0
2,32.5
2,39.5
8,22.5
8,14.75
0,0.0
6,15.0
2,9.75
1,14.0
1,75.0
5,79.99
8,25.0
5,200.0
4,20.494999999999997
3,39.0
0,0.0
2,47.489999999999995
0,0.0
13,49.0
4,14.5
14,21.0
1,150.0
2,312.5
8,22.990000000000002
0,0.0
1,18.0
1,23.0
3,17.99
8,222.495
0,0.0
5,25.0
12,198.995
3,22.0
13,40.0
2,26.5
27,20.0
7,20.0
17,25.95
4,9.25
2,59.995
2,277.5
14,25.0
6,192.5
5,45.0
11,20.0
4,14.995000000000001
1,30.0
8,10.495000000000001
1,15.0
12,48.495000000000005
5,87.0
0,0.0
14,57.5
4,22.0
15,20.0
6,8.74
1,71.49
2,33.5
11,15.0
8,49.5
1,180.0
0,0.0
15,25.0
2,27.495
0,0.0
27,15.0
11,10.0
3,15.0
5,34.0
4,27.5
0,0.0
1,35.0
9,60.0
2,19.5
2,27.0
20,22.0
13,45.0
0,0.0
2,32.38
2,28.475
1,25.0
9,20.0
0,0.0
4,14.745000000000001
8,20.0
0,0.0
0,0.0
15,9.5
2,19.965
2,48.995000000000005
3,100.0
4,33.0
1,85.0
7,29.0
5,85.0
2,42.995000000000005
3,149.98
26,15.0
4,23.5
10,53.5
2,16.745
0,0.0
5,28.0
2,412.5
0,0.0
1,60.0
11,30.0
8,4.0
2,19.04
19,15.0
2,20.5
5,8.0
3,20.0
4,75.0
0,0.0
37,15.0
8,19.0
3,14.0
1,60.0
19,29.49
4,47.45
3,12.0
1,19.0
5,30.0
12,47.495000000000005
5,15.0
3,5.0
0,0.0
10,33.495
1,99.0
9,15.0
5,18.0
8,26.0
10,32.5
20,10.0
2,169.995
5,169.94
4,9.995000000000001
1,8.49
0,0.0
4,9.0
6,42.5
3,29.0
0,0.0
8,65.0
0,0.0
2,20.0
1,15.0
3,15.0
1,10.0
5,15.0
8,31.5
0,0.0
0,0.0
2,100.0
5,28.0
1,38.45
10,17.0
13,16.0
0,0.0
18,19.0
8,15.0
5,10.0
4,32.0
3,85.0
1,17.0
10,30.0
4,31.995
1,11.0
10,17.5
2,32.0
3,16.99
8,87.5
12,14.0
4,31.994999999999997
10,87.495
1,60.0
1,40.0
7,9.0
0,0.0
2,16.23
9,49.0
16,25.75
16,30.0
4,125.0
4,35.0
9,20.0
0,0.0
2,105.0
7,70.0
3,20.0
21,12.0
7,15.0
2,29.494999999999997
7,20.0
1,24.95
3,18.0
30,11.5
4,14.995000000000001
4,50.995000000000005
0,0.0
3,150.0
19,15.0
5,36.34
4,25.42
0,0.0
11,79.49
6,28.475
5,25.0
17,15.0
3,15.0
0,0.0
0,0.0
3,35.0
8,22.990000000000002
10,18.0
1,29.99
2,107.975
1,28.0
0,0.0
11,40.0
0,0.0
4,19.994999999999997
2,41.5
1,9.95
5,25.0
0,0.0
6,44.975
4,22.0
11,15.0
4,14.0
8,10.0
1,120.0
11,10.0
5,64.0
17,5.0
4,30.0
10,10.0
0,0.0
5,29.0
3,63.99
3,65.0
0,0.0
1,65.0
2,71.35499999999999
2,25.994999999999997
0,0.0
7,25.0
0,0.0
7,9.0
4,34.5
8,30.0
7,59.98
1,90.0
0,0.0
6,39.24
0,0.0
1,15.0
3,15.0
7,15.0
2,46.495000000000005
15,45.0
5,29.95
2,45.0
4,17.5
2,16.0
0,0.0
27,15.0
1,44.99
10,39.745000000000005
9,60.0
2,24.494999999999997
0,0.0
4,5.0
1,6.0
29,15.0
1,125.0
0,0.0
2,24.475
4,39.25
0,0.0
0,0.0
7,20.0
11,15.0
4,39.5
13,15.0
3,80.0
18,10.0
14,30.0
7,16.0
3,54.99
2,71.58
8,5.0
12,55.0
0,0.0
12,10.0
4,13.5
7,20.0
5,80.0
1,30.0
0,0.0
7,84.0
1,12.0
10,7.0
11,17.49
2,45.0
2,23.975
2,78.5
11,19.0
6,17.5
2,26.0
3,44.99
7,20.0
1,199.99
0,0.0
2,50.0
14,40.0
4,34.0
11,25.0
5,39.0
0,0.0
3,48.0
7,9.0
2,6.49
15,10.0
2,14.0
0,0.0
9,20.0
8,70.495
3,90.0
2,55.0
21,8.0
3,10.0
0,0.0
3,275.0
0,0.0
0,0.0
1,15.0
3,10.0
2,64.5
18,10.5
13,15.75
3,139.0
1,79.99
7,40.0
0,0.0
0,0.0
2,28.994999999999997
3,80.0
3,58.99
3,34.99
3,50.0
6,41.0
8,15.495000000000001
3,20.0
0,0.0
15,25.0
15,25.0
8,35.0
0,0.0
2,9.625
8,19.5
2,44.97
4,69.97999999999999
3,26.0
1,249.99
9,60.0
0,0.0
0,0.0
2,42.475
0,0.0
7,40.0
5,75.0
10,27.9
3,15.0
12,27.075
5,51.99
2,51.995000000000005
1,39.99
3,29.0
10,12.5
2,18.744999999999997
10,50.0
4,102.5
0,0.0
2,112.5
2,5.0
4,32.0
9,24.0
4,38.489999999999995
0,0.0
7,200.0
1,24.0
0,0.0
2,81.0
0,0.0
4,100.0
1,55.99
2,15.0
1,30.0
0,0.0
8,16.5
16,62.25
14,52.475
4,8.5
2,58.5
1,9.0
5,20.0
3,20.0
7,34.99
0,0.0
4,21.975
3,75.0
1,14.0
1,79.99
6,40.0
0,0.0
3,5.0
3,15.0
11,12.0
95,14.95
9,15.0
1,100.0
9,15.0
2,22.325
1,28.99
4,26.5
5,9.95
7,35.0
3,55.0
2,37.975
2,46.0
1,45.0
0,0.0
1,28.99
6,20.0
5,42.0
25,10.0
3,8.0
17,10.0
0,0.0
5,50.0
14,17.475
4,19.744999999999997
2,37.495000000000005
2,10.0
2,23.5
9,7.0
6,60.0
3,39.99
5,25.0
11,40.0
0,0.0
1,6.0
0,0.0
0,0.0
0,0.0
8,109.99000000000001
11,9.0
0,0.0
1,410.0
0,0.0
15,30.0
2,36.5
1,200.0
3,15.0
16,37.5
1,349.95
4,40.0
13,10.0
6,10.0
4,32.5
0,0.0
0,0.0
7,34.95
1,60.0
7,39.0
16,194.995
5,13.0
1,35.0
1,28.99
3,19.0
11,64.0
20,15.0
4,49.745000000000005
7,19.0
0,0.0
5,22.0
7,14.0
8,19.0
2,37.5
9,19.95
7,9.49
1,60.0
0,0.0
4,21.5
19,24.0
0,0.0
1,135.0
2,99.97
0,0.0
5,40.0
4,154.995
5,20.0
4,72.5
13,72.99
6,72.5
3,9.0
2,47.5
0,0.0
0,0.0
6,26.490000000000002
5,75.0
0,0.0
0,0.0
11,14.0
0,0.0
8,26.975
10,69.5
0,0.0
1,53.5
2,60.0
1,10.0
3,70.0
5,29.99
1,40.0
4,6.0
0,0.0
2,27.5
1,10.0
0,0.0
1,40.0
1,5.0
1,95.0
0,0.0
0,0.0
2,44.995000000000005
4,9.5
1,24.49
0,0.0
19,15.0
0,0.0
2,77.5
5,10.0
11,8.0
7,45.0
0,0.0
3,20.0
5,50.0
5,22.0
0,0.0
3,13.0
0,0.0
3,28.99
7,19.0
3,100.0
8,21.475
3,100.0
8,21.475
0,0.0
0,0.0
3,70.0
5,41.0
4,15.0
1,19.98
3,29.99
7,61.0
5,18.0
1,27.0
1,60.0
0,0.0
0,0.0
0,0.0
9,19.0
11,17.5
5,5.0
14,18.475
2,22.0
0,0.0
2,12.5
1,12.99
7,21.98
4,19.5
0,0.0
0,0.0
8,9.99
12,192.5
4,36.0
7,10.0
0,0.0
2,167.5
4,11.495000000000001
0,0.0
5,84.0
2,37.5
7,16.0
1,35.0
3,29.0
10,15.0
1,15.0
0,0.0
5,7.5
0,0.0
2,142.495
23,20.0
16,15.0
14,47.0
1,30.99
1,27.96
3,2000.0
0,0.0
3,30.0
22,15.0
9,10.0
11,24.0
6,29.5
11,38.99
0,0.0
2,69.975
7,43.99
9,10.0
3,40.0
3,29.95
1,45.0
2,19.995
0,0.0
1,120.0
3,48.99
1,40.0
0,0.0
9,20.0
8,32.5
3,35.0
4,17.07
7,9.0
2,24.990000000000002
1,40.0
3,23.0
4,62.5
3,27.0
14,39.5
0,0.0
1,100.0
9,10.0
0,0.0
5,62.48
4,46.245000000000005
4,47.0
0,0.0
0,0.0
0,0.0
3,50.0
9,17.0
0,0.0
2,26.5
2,36.0
2,14.0
4,12.5
2,9.995000000000001
5,22.0
17,8.95
2,99.495
4,19.0
2,12.495
14,15.0
7,15.0
1,50.36
2,30.990000000000002
6,49.97
13,20.0
2,60.0
2,24.494999999999997
7,140.0
4,17.5
7,30.0
5,65.0
4,14.5
0,0.0
3,15.0
3,35.0
7,15.0
0,0.0
7,15.0
11,29.0
7,75.0
4,76.5
6,155.0
6,100.0
20,20.0
8,13.5
10,12.5
1,100.0
0,0.0
1,25.0
2,88.495
16,100.0
2,63.995
9,85.0
4,13.0
4,32.5
3,85.0
1,4.49
3,26.0
6,72.0
1,40.0
7,25.0
1,425.0
0,0.0
9,22.0
2,8.0
20,40.0
11,20.0
4,22.494999999999997
4,13.0
0,0.0
1,25.0
0,0.0
1,50.0
1,35.0
3,12.0
3,29.99
0,0.0
1,15.0
5,35.0
0,0.0
13,10.0
4,15.0
4,16.57
1,16.0
3,15.0
2,27.475
0,0.0
7,45.0
7,9.0
1,29.0
13,180.0
8,20.0
5,115.0
9,79.49
5,39.99
1,55.0
6,25.0
4,11.5
1,85.0
11,30.0
7,24.0
1,79.0
14,8.25
7,28.99
5,35.0
2,157.495
1,40.0
0,0.0
1,15.0
15,5.0
0,0.0
7,15.0
0,0.0
3,63.99
1,15.0
0,0.0
7,15.0
3,170.0
5,10.0
3,12.48
2,205.0
7,49.46
6,30.994999999999997
3,30.0
0,0.0
1,14.99
7,57.99
2,35.0
3,29.0
2,150.0
1,30.0
2,18.5
4,20.0
5,79.94
5,159.94
14,29.994999999999997
1,124.99
3,24.46
13,20.0
15,30.0
17,17.99
6,21.0
6,32.47
1,29.0
6,70.0
2,31.995
6,170.0
3,90.0
0,0.0
11,10.0
16,19.5
3,60.0
16,6.5
4,9.0
3,10.0
1,49.49
0,0.0
2,81.97
1,17.95
0,0.0
7,14.0
0,0.0
0,0.0
2,11.98
13,50.0
0,0.0
12,15.875
0,0.0
3,48.0
2,22.0
3,55.99
3,30.0
1,25.0
1,48.0
2,97.5
0,0.0
3,98.99
0,0.0
13,20.0
6,70.0
0,0.0
4,109.995
1,45.0
4,50.0
3,10.0
7,38.0
6,23.314999999999998
5,20.81
0,0.0
3,19.95
11,50.0
0,0.0
2,87.47
2,100.0
3,13.0
1,40.0
5,69.0
2,14.475
2,25.98
0,0.0
19,18.95
11,44.98
12,50.0
1,84.99
0,0.0
0,0.0
0,0.0
0,0.0
9,20.0
2,14.995000000000001
0,0.0
2,6.66
0,0.0
6,8.995000000000001
0,0.0
2,6.0
1,58.99
1,54.99
1,50.0
3,12.0
2,18.994999999999997
3,15.0
0,0.0
2,32.5
13,11.0
11,15.0
6,19.0
6,30.0
1,30.0
9,10.0
2,12.0
1,15.0
0,0.0
12,15.0
2,47.5
0,0.0
1,40.0
0,0.0
0,0.0
5,12.0
25,30.0
3,22.0
9,50.0
0,0.0
7,20.0
2,32.5
15,25.0
1,80.0
5,70.0
0,0.0
12,10.0
0,0.0
12,27.0
5,35.0
4,10.0
3,45.0
2,47.0
0,0.0
5,30.0
5,45.0
8,30.5
8,36.775
8,23.994999999999997
5,12.0
3,40.0
4,37.5
1,150.0
21,40.0
16,19.0
1,30.0
2,54.495000000000005
4,32.5
1,13.0
8,17.5
6,132.5
1,69.99
1,400.0
12,10.0
12,28.615000000000002
6,85.995
1,35.0
5,49.94
11,38.0
1,10.0
19,10.0
1,20.0
2,29.995
13,30.0
9,10.0
5,90.0
0,0.0
3,139.99
2,40.0
3,99.49
2,138.995
0,0.0
0,0.0
2,136.995
1,15.0
0,0.0
11,10.0
6,25.475
0,0.0
1,25.0
3,29.0
2,37.0
2,15.0
6,9.995000000000001
1,15.99
4,196.995
5,30.0
2,200.0
14,30.0
1,12.0
3,25.0
5,95.0
2,31.0
0,0.0
1,29.9
4,32.5
0,0.0
26,10.0
12,30.0
0,0.0
1,75.0
8,5.0
8,56.495000000000005
1,250.0
2,6.0
0,0.0
1,20.0
0,0.0
0,0.0
0,0.0
6,7.495
4,47.055
8,150.0
11,25.0
4,60.0
3,115.0
0,0.0
0,0.0
5,34.0
10,75.0
5,19.0
13,25.0
1,30.0
7,40.0
3,10.0
3,25.0
6,102.5
5,80.0
2,16.0
1,54.99
0,0.0
3,40.0
8,12.5
14,20.0
9,9.98
2,18.494999999999997
0,0.0
1,49.95
8,45.0
4,47.5
0,0.0
0,0.0
0,0.0
5,20.0
4,177.5
4,40.0
0,0.0
2,49.995000000000005
0,0.0
9,5.5
0,0.0
0,0.0
0,0.0
3,15.0
4,78.74
8,22.0
0,0.0
1,65.0
3,27.96
11,20.0
7,8.0
0,0.0
1,60.0
1,98.99
3,250.0
20,20.0
0,0.0
1,34.99
11,10.0
0,0.0
2,70.61500000000001
0,0.0
1,40.0
0,0.0
0,0.0
4,20.0
3,7.5
0,0.0
0,0.0
24,26.375
8,15.98
0,0.0
5,58.99
1,49.95
3,120.0
0,0.0
7,31.0
2,40.0
1,40.0
2,40.0
6,10.0
3,50.0
0,0.0
0,0.0
8,15.5
0,0.0
1,4.5
0,0.0
2,32.495000000000005
0,0.0
1,3.0
14,6.0
2,102.995
7,30.0
0,0.0
2,10.0
11,38.49
1,40.0
2,68.745
0,0.0
1,125.0
2,54.995000000000005
2,14.99
13,15.0
19,21.0
7,29.99
7,25.0
1,10.0
7,12.0
0,0.0
3,35.0
16,16.0
5,8.0
2,52.0
4,87.0
1,16.65
12,25.0
15,15.0
3,45.0
1,39.99
9,14.75
0,0.0
3,30.0
5,15.0
0,0.0
4,26.494999999999997
29,33.33
7,80.0
5,27.48
1,12.0
3,15.0
3,120.0
33,15.0
1,4.0
0,0.0
4,17.5
4,6.5
2,9.0
7,15.95
14,11.0
2,11.475
0,0.0
0,0.0
1,15.0
1,34.95
3,10.49
1,24.0
1,25.0
16,7.5
1,19.0
4,65.0
7,19.0
2,4.5
3,80.0
12,37.5
14,54.959999999999994
1,12.0
12,11.75
2,37.0
20,15.0
5,40.0
6,17.5
5,40.0
2,39.980000000000004
3,24.46
2,27.5
3,50.0
7,39.98
7,46.19
6,25.5
4,22.5
4,22.994999999999997
8,59.495000000000005
2,24.994999999999997
3,150.0
1,125.0
5,69.99
2,24.990000000000002
9,19.98
2,19.990000000000002
3,150.0
1,50.0
8,22.5
0,0.0
9,50.0
6,67.495
8,25.0
3,18.16
4,17.75
1,39.95
29,14.49
0,0.0
1,5.0
2,82.69
2,20.0
4,80.0
3,34.0
10,17.75
4,18.994999999999997
0,0.0
2,175.0
1,10.0
7,13.62
1,6.99
5,29.0
10,17.225
4,16.0
3,30.0
7,60.0
0,0.0
2,14.995
1,20.0
3,104.9
1,54.0
2,30.0
2,33.739999999999995
8,22.5
1,28.95
1,8.0
1,25.0
0,0.0
2,100.0
6,21.494999999999997
0,0.0
1,11.0
0,0.0
4,35.0
15,19.95
15,20.0
1,19.95
5,16.0
0,0.0
0,0.0
2,33.5
7,10.0
3,6.99
4,16.58
1,40.0
3,40.0
1,258.99
2,225.0
2,30.0
1,10.0
2,84.995
2,11.5
3,10.0
101,15.0
0,0.0
3,15.0
9,18.0
9,20.0
0,0.0
3,40.0
0,0.0
1,44.0
1,18.0
13,40.0
3,8.0
1,16.0
24,12.5
0,0.0
4,98.5
4,42.495000000000005
0,0.0
14,10.0
5,45.0
4,15.975
4,20.0
14,17.875
12,10.5
0,0.0
0,0.0
4,27.475
3,26.0
19,70.0
7,10.0
0,0.0
0,0.0
7,10.0
0,0.0
0,0.0
0,0.0
0,0.0
3,100.0
9,14.0
24,140.0
0,0.0
0,0.0
10,25.0
0,0.0
0,0.0
1,100.0
0,0.0
6,14.5
2,37.5
0,0.0
19,25.0
8,9.745000000000001
1,120.0
1,38.45
0,0.0
0,0.0
2,25.0
16,10.5
8,10.0
2,47.5
4,40.0
1,34.99
2,43.495000000000005
1,80.0
11,100.0
11,30.0
1,29.99
6,94.99
5,72.99
10,15.0
8,42.945
2,14.3
0,0.0
9,20.0
0,0.0
2,15.0
2,16.244999999999997
13,15.0
4,37.47
5,55.0
0,0.0
3,22.5
2,222.0
9,18.99
7,21.0
0,0.0
20,15.0
4,28.5
6,40.0
11,20.0
5,25.0
1,15.0
5,85.0
0,0.0
3,35.0
1,28.0
0,0.0
1,140.0
2,37.5
4,170.0
15,20.0
3,15.0
6,28.494999999999997
0,0.0
7,25.0
15,25.0
2,88.99
3,8.0
1,14.0
3,118.99
1,80.0
9,15.0
0,0.0
0,0.0
2,80.0
2,30.0
2,22.0
3,15.0
10,10.0
22,30.0
5,70.0
0,0.0
2,12.0
1,14.0
6,9.49
5,200.0
10,20.975
1,40.0
2,29.494999999999997
1,150.0
2,59.95
3,25.0
7,25.0
1,59.95
3,100.0
4,33.49
0,0.0
0,0.0
4,15.0
4,15.0
4,55.0
1,250.0
0,0.0
0,0.0
3,35.0
3,69.96
1,10.0
5,24.0
7,15.0
1,60.0
0,0.0
1,15.0
5,48.0
7,35.0
3,25.0
7,20.0
4,97.0
0,0.0
0,0.0
6,20.0
0,0.0
4,26.0
1,50.0
2,16.490000000000002
1,19.0
1,20.0
0,0.0
4,16.5
5,15.0
5,10.0
4,15.85
2,15.0
4,37.475
6,92.495
8,32.5
0,0.0
0,0.0
0,0.0
0,0.0
13,274.99
0,0.0
2,55.0
7,20.0
7,115.0
6,22.5
1,35.0
1,32.99
14,16.5
9,39.45
2,14.5
0,0.0
15,98.99
6,25.0
3,20.99
7,48.99
2,95.0
2,81.995
2,237.5
8,12.0
4,10.49
6,57.489999999999995
0,0.0
11,25.0
3,16.65
1,10.0
1,29.99
3,30.0
0,0.0
0,0.0
0,0.0
0,0.0
2,14.48
3,10.0
15,14.0
1,60.0
1,34.99
0,0.0
10,30.49
0,0.0
1,80.0
1,38.0
3,40.0
0,0.0
0,0.0
3,49.0
3,35.0
6,92.5
5,10.0
1,45.0
5,15.95
7,15.0
4,22.5
4,32.5
1,15.0
3,118.99
7,54.11
3,60.0
1,59.49
0,0.0
0,0.0
2,47.5
1,15.0
6,13.09
1,16.99
3,69.99
5,4.49
3,80.0
1,24.0
5,20.0
8,72.715
10,16.5
17,75.0
1,20.0
3,99.95
0,0.0
4,23.17
6,32.0
5,30.0
0,0.0
4,27.494999999999997
3,150.0
4,39.975
0,0.0
3,10.0
2,34.3
5,10.0
0,0.0
0,0.0
3,41.63
18,13.0
2,32.475
1,14.99
3,250.0
2,8.0
13,8.0
0,0.0
0,0.0
0,0.0
0,0.0
12,20.0
13,25.0
8,16.0
0,0.0
2,46.975
2,17.0
4,21.0
12,14.74
0,0.0
0,0.0
14,17.5
1,12.0
6,29.5
5,5.0
7,10.0
2,72.495
4,28.994999999999997
9,5.0
16,20.0
0,0.0
6,74.995
4,15.25
7,10.0
0,0.0
6,47.5
1,46.99
2,18.244999999999997
1,14.0
0,0.0
0,0.0
1,8.95
0,0.0
23,17.49
16,23.994999999999997
0,0.0
0,0.0
1,20.0
5,13.96
0,0.0
41,10.0
5,19.95
3,144.99
6,39.0
8,49.5
3,15.0
0,0.0
5,13.29
4,9.885
5,19.96
0,0.0
7,5.0
5,15.0
1,15.0
7,30.0
0,0.0
1,225.0
4,29.450000000000003
0,0.0
13,30.0
4,51.0
2,107.0
2,37.495000000000005
1,26.0
1,35.0
5,100.0
4,71.495
0,0.0
0,0.0
3,41.99
4,9.995000000000001
8,25.0
3,15.0
6,30.0
3,42.0
3,40.0
12,14.495000000000001
0,0.0
2,29.5
15,20.0
1,31.99
3,18.95
13,15.0
2,23.5
0,0.0
2,7.5
6,155.0
0,0.0
10,36.995000000000005
0,0.0
0,0.0
5,16.0
8,22.0
0,0.0
6,12.0
2,52.5
2,35.0
4,57.489999999999995
13,12.0
0,0.0
6,67.5
0,0.0
7,24.0
5,18.0
8,12.92
16,25.0
1,65.0
2,41.0
2,73.5
1,25.0
0,0.0
5,32.99
5,15.0
2,15.0
0,0.0
10,9.0
4,14.5
9,50.0
3,11.99
1,300.0
1,25.0
0,0.0
0,0.0
6,17.5
0,0.0
2,37.5
6,18.975
3,28.0
0,0.0
3,29.99
4,20.975
1,26.0
0,0.0
0,0.0
0,0.0
0,0.0
3,30.0
5,29.0
5,19.0
20,15.0
8,94.745
4,27.5
13,24.0
0,0.0
3,19.0
1,100.0
4,54.97
0,0.0
3,9.98
16,11.5
9,15.0
1,29.99
5,13.0
5,40.0
2,14.950000000000001
7,25.0
0,0.0
5,6.0
2,12.495000000000001
0,0.0
0,0.0
1,8.0
1,160.0
2,121.75
1,70.0
1,5.0
2,45.0
7,47.99
3,120.0
1,30.0
5,14.49
0,0.0
12,35.0
0,0.0
11,15.0
5,20.0
4,16.355
1,300.0
1,49.98
7,9.95
8,5.0
0,0.0
5,15.0
2,29.97
0,0.0
1,80.0
1,59.98
2,34.975
20,14.5
5,15.0
9,30.94
0,0.0
10,10.0
1,45.0
2,99.495
7,75.0
0,0.0
7,20.0
2,85.0
9,15.0
1,25.0
2,22.475
4,45.0
4,44.0
0,0.0
2,27.075
7,40.0
1,60.0
1,60.0
0,0.0
0,0.0
4,25.0
1,23.0
11,5.99
0,0.0
1,65.0
0,0.0
2,14.5
7,108.99
3,27.96
1,69.94
1,145.0
0,0.0
4,31.0
5,10.0
5,8.0
2,26.0
5,38.0
8,20.0
12,32.0
1,38.0
0,0.0
3,70.0
0,0.0
1,34.99
1,18.0
0,0.0
6,34.47
9,35.0
2,17.5
0,0.0
2,17.0
2,101.0
4,12.5
18,25.0
5,30.0
1,21.99
0,0.0
0,0.0
5,10.12
2,18.975
3,39.0
0,0.0
0,0.0
0,0.0
207,20.0
4,32.5
1,45.0
0,0.0
1,29.99
6,187.5
4,164.995
0,0.0
0,0.0
0,0.0
5,50.0
4,27.5
8,64.995
0,0.0
0,0.0
0,0.0
9,58.99
9,20.0
9,15.0
0,0.0
10,5.5
4,132.495
3,24.99
1,50.0
0,0.0
5,15.0
5,5.0
2,16.975
13,30.0
2,21.5
1,3.5
8,91.0
0,0.0
3,25.0
0,0.0
3,39.97
2,29.495
1,110.0
1,90.0
0,0.0
2,14.0
8,11.0
4,7.5
1,100.0
1,43.99
5,34.3
0,0.0
21,25.0
1,90.0
6,26.0
5,25.0
8,20.0
3,70.0
4,10.0
1,30.0
5,20.0
0,0.0
3,64.99
1,16.0
2,32.5
1,29.0
2,25.0
2,22.5
0,0.0
7,10.0
1,20.0
0,0.0
1,24.95
11,9.9
3,10.0
2,16.99
0,0.0
8,20.0
0,0.0
1,5.99
2,22.244999999999997
0,0.0
7,20.0
4,13.495
1,40.0
4,14.655000000000001
5,75.0
10,20.0
4,14.5
1,9.0
0,0.0
3,136.34
6,48.465
5,35.0
11,18.16
2,63.739999999999995
15,15.5
0,0.0
0,0.0
0,0.0
1,19.99
8,65.0
2,12.495000000000001
3,75.0
1,37.5
8,22.5
0,0.0
4,36.5
7,30.0
5,9.0
7,10.0
4,28.5
2,6.0
3,15.0
8,32.5
3,48.0
1,30.0
11,99.0
3,74.0
10,22.5
0,0.0
3,200.0
0,0.0
4,62.495
3,25.0
1,4.99
6,32.5
6,69.5
3,95.0
2,4.5
0,0.0
1,50.0
0,0.0
1,250.0
0,0.0
0,0.0
0,0.0
0,0.0
4,9.99
3,26.99
0,0.0
9,12.0
0,0.0
4,106.74
0,0.0
2,36.89
2,10.5
13,15.0
10,8.24
10,10.0
9,15.0
0,0.0
0,0.0
1,19.0
11,15.0
2,12.5
1,42.99
16,18.0
0,0.0
8,23.990000000000002
10,10.0
3,20.0
0,0.0
4,16.5
2,16.494999999999997
0,0.0
4,26.17
2,42.5
1,149.49
1,5.0
18,29.5
2,28.0
1,50.0
13,50.0
0,0.0
0,0.0
2,12.5
3,32.1
4,22.0
0,0.0
5,110.0
11,30.0
0,0.0
0,0.0
8,15.0
1,40.0
7,5.0
5,89.94
1,49.0
2,28.495
0,0.0
3,40.0
0,0.0
0,0.0
6,22.475
1,50.0
3,14.0
0,0.0
3,50.0
9,11.0
4,39.975
1,25.0
1,60.0
10,15.0
3,20.0
10,15.0
0,0.0
0,0.0
0,0.0
0,0.0
3,10.0
2,15.495000000000001
1,21.0
2,4.25
2,32.5
2,21.0
3,13.99
0,0.0
13,35.0
0,0.0
2,57.215
0,0.0
3,20.0
1,80.0
4,17.5
4,30.985
11,10.95
2,104.975
2,15.0
4,33.495000000000005
3,25.0
2,16.23
23,18.0
6,11.0
0,0.0
0,0.0
1,19.95
5,150.0
2,25.0
6,14.99
2,13.225
1,60.0
6,76.97
11,20.0
0,0.0
1,49.99
3,20.0
3,50.0
3,25.0
6,9.5
2,22.5
2,67.5
3,18.99
0,0.0
2,18.98
2,92.5
7,6.0
6,23.475
0,0.0
1,64.0
3,15.0
1,10.0
1,25.0
0,0.0
1,50.0
7,49.99
0,0.0
1,60.0
2,34.0
2,70.0
2,121.995
19,18.0
1,45.0
0,0.0
8,20.0
2,37.5
1,10.0
1,38.99
7,50.0
4,125.0
2,12.0
4,10.0
4,77.5
0,0.0
0,0.0
9,20.0
1,60.0
0,0.0
7,20.0
1,180.0
1,75.0
0,0.0
6,22.475
7,10.0
3,15.0
0,0.0
0,0.0
0,0.0
2,33.4
8,32.739999999999995
0,0.0
0,0.0
1,18.0
1,15.0
6,42.5
6,15.0
9,30.0
0,0.0
1,25.0
3,20.0
8,22.494999999999997
2,49.475
2,17.5
12,31.0
0,0.0
6,54.99
0,0.0
3,34.99
3,140.0
0,0.0
10,49.485
13,15.0
0,0.0
26,15.0
5,10.0
1,79.99
1,24.95
29,30.0
0,0.0
6,9.895
1,79.49
3,25.0
5,40.0
4,19.994999999999997
2,99.495
5,20.0
2,36.99
18,25.0
1,5.0
5,30.0
1,14.0
0,0.0
4,13.0
10,11.0
0,0.0
0,0.0
1,40.0
0,0.0
5,19.0
8,56.0
0,0.0
6,15.0
11,15.0
5,10.0
0,0.0
1,15.0
3,5.0
5,22.0
6,43.495000000000005
2,7.5
8,8.2
3,15.39
1,69.0
9,40.0
0,0.0
7,114.0
2,13.99
1,20.0
6,42.5
2,15.75
10,22.744999999999997
2,17.5
1,175.0
12,33.055
4,72.5
3,125.0
4,52.489999999999995
0,0.0
0,0.0
14,20.0
0,0.0
0,0.0
1,100.0
0,0.0
0,0.0
0,0.0
0,0.0
4,15.0
6,25.0
4,30.0
0,0.0
3,49.95
1,50.0
0,0.0
1,40.0
5,40.0
4,18.494999999999997
2,17.494999999999997
9,39.99
2,90.0
0,0.0
0,0.0
0,0.0
2,5.5
0,0.0
3,50.0
4,8.0
2,125.0
16,20.0
1,134.94
1,29.0
0,0.0
2,92.0
2,129.5
5,72.71
0,0.0
0,0.0
4,25.0
1,35.0
3,35.0
0,0.0
0,0.0
10,10.0
1,9.95
2,10.0
0,0.0
3,5.0
7,6.0
0,0.0
0,0.0
0,0.0
1,34.0
1,25.0
0,0.0
3,13.99
3,60.0
0,0.0
0,0.0
6,19.990000000000002
2,5.495
2,12.5
7,15.0
0,0.0
1,50.0
5,9.0
1,44.99
0,0.0
2,35.0
7,19.0
2,52.5
1,39.99
0,0.0
1,40.0
0,0.0
1,32.0
2,55.0
1,54.99
8,22.5
1,50.0
3,155.0
0,0.0
6,15.0
1,5.0
1,1.0
0,0.0
4,20.0
3,15.0
0,0.0
5,15.0
0,0.0
3,15.0
0,0.0
3,40.0
0,0.0
0,0.0
8,41.495000000000005
4,29.0
3,9.99
0,0.0
4,102.905
0,0.0
1,30.0
4,35.745000000000005
6,10.0
0,0.0
0,0.0
5,35.0
4,42.495000000000005
0,0.0
2,47.0
0,0.0
1,30.0
8,9.975
0,0.0
2,27.25
3,20.0
7,60.0
0,0.0
1,16.0
5,40.0
0,0.0
1,23.0
2,122.5
0,0.0
6,46.0
2,75.0
7,119.99
2,47.5
9,10.0
0,0.0
0,0.0
0,0.0
1,39.0
5,35.0
0,0.0
1,20.0
7,45.0
0,0.0
9,38.0
0,0.0
6,50.995000000000005
3,375.0
0,0.0
2,72.995
2,25.975
2,18.795
8,43.465
6,17.22
1,29.94
1,20.0
0,0.0
8,314.995
0,0.0
0,0.0
6,62.49
0,0.0
10,40.0
0,0.0
1,50.0
4,49.495000000000005
2,42.475
4,9.57
0,0.0
0,0.0
0,0.0
1,30.0
7,29.99
3,5.0
1,19.0
4,9.0
4,24.99
0,0.0
10,30.97
1,29.0
1,50.0
8,19.494999999999997
1,10.0
1,60.0
5,55.0
1,44.99
5,75.0
3,40.0
5,21.0
0,0.0
0,0.0
10,26.5
0,0.0
3,5.0
10,9.5
0,0.0
20,15.0
0,0.0
2,60.975
0,0.0
1,100.0
0,0.0
2,26.494999999999997
0,0.0
0,0.0
0,0.0
6,200.445
7,25.0
5,28.0
3,78.99
10,13.495000000000001
2,67.5
0,0.0
1,20.0
4,200.0
2,45.0
5,20.0
5,75.0
0,0.0
0,0.0
1,55.0
5,24.99
3,39.0
0,0.0
4,9.995000000000001
8,28.975
0,0.0
2,58.295
3,24.0
3,59.95
8,15.5
2,9.0
6,22.5
1,24.5
11,15.0
3,75.0
2,22.23
4,15.5
2,27.5
1,130.0
0,0.0
3,50.0
0,0.0
3,55.0
7,21.5
0,0.0
11,25.0
3,30.0
5,35.0
4,18.5
4,76.995
1,27.99
0,0.0
0,0.0
3,27.48
0,0.0
15,25.0
11,320.0
0,0.0
0,0.0
1,50.0
3,5.0
0,0.0
0,0.0
1,150.0
2,20.975
1,20.0
1,20.0
0,0.0
1,32.0
15,15.0
1,5.0
1,80.0
4,25.5
4,15.25
5,24.98
7,60.0
2,12.48
3,30.0
2,34.975
3,20.0
4,54.975
0,0.0
5,10.5
1,65.0
2,57.5
0,0.0
5,21.99
2,25.0
7,34.99
0,0.0
1,30.0
5,35.0
3,18.0
2,13.5
6,45.0
8,10.0
0,0.0
1,30.0
0,0.0
8,125.0
0,0.0
3,88.99
6,15.5
2,29.28
1,29.49
0,0.0
2,32.5
0,0.0
2,190.0
0,0.0
4,34.5
1,20.0
4,17.5
1,50.0
3,25.0
12,10.0
0,0.0
1,65.0
0,0.0
8,47.5
3,35.0
5,100.0
0,0.0
1,19.0
4,16.855
3,12.0
0,0.0
0,0.0
1,26.0
4,16.855
4,17.5
3,12.0
0,0.0
0,0.0
1,26.0
3,9.09
0,0.0
0,0.0
5,74.0
1,14.99
7,11.99
0,0.0
1,50.0
0,0.0
5,65.0
4,7.5
7,25.0
0,0.0
4,52.495000000000005
2,57.47
4,12.5
7,11.0
6,29.495
6,29.0
0,0.0
1,7.0
0,0.0
6,15.0
0,0.0
7,20.0
3,15.0
3,25.0
7,20.0
1,60.0
0,0.0
3,17.48
1,150.0
3,35.0
12,39.5
0,0.0
3,19.0
3,25.0
3,80.0
2,32.995000000000005
11,5.0
0,0.0
12,33.5
3,58.99
6,20.0
4,9.0
0,0.0
6,32.5
0,0.0
1,20.0
5,20.0
10,32.5
2,14.245000000000001
1,18.99
2,33.495000000000005
7,18.0
2,41.995000000000005
2,74.995
1,48.0
4,32.5
0,0.0
1,150.0
10,29.5
0,0.0
6,25.0
1,69.99
6,27.995
4,28.994999999999997
0,0.0
9,45.0
1,25.0
3,15.0
5,10.0
0,0.0
3,25.0
12,31.5
3,27.0
5,10.0
0,0.0
15,20.0
1,10.0
1,35.0
1,7.99
8,62.47
0,0.0
2,32.475
3,12.0
0,0.0
0,0.0
0,0.0
5,30.0
0,0.0
0,0.0
5,29.0
6,89.995
1,60.0
0,0.0
20,20.0
1,18.16
1,50.0
13,20.0
0,0.0
1,60.0
3,30.0
0,0.0
2,24.494999999999997
2,47.5
5,25.0
0,0.0
1,25.0
4,25.0
0,0.0
7,33.31
7,40.0
7,10.0
0,0.0
0,0.0
0,0.0
0,0.0
5,68.99
2,19.0
6,26.5
3,35.0
1,7.0
2,33.495000000000005
1,14.9
3,20.0
2,41.495000000000005
0,0.0
7,20.0
0,0.0
8,9.5
0,0.0
10,15.0
3,35.0
1,65.0
4,20.0
1,39.99
6,5.5
7,25.0
0,0.0
3,20.0
0,0.0
0,0.0
5,15.0
1,37.0
1,35.0
8,20.0
1,75.0
10,57.5
1,65.0
2,75.0
0,0.0
3,15.0
4,5.995
8,59.745000000000005
2,24.995
4,23.5
7,80.0
4,41.445
0,0.0
0,0.0
1,22.0
0,0.0
1,24.0
7,30.0
2,150.0
2,16.0
7,25.0
2,6.0
3,20.0
0,0.0
18,9.0
5,22.0
3,30.0
0,0.0
1,20.0
5,10.0
0,0.0
2,11.0
0,0.0
0,0.0
0,0.0
12,9.5
0,0.0
7,20.0
17,100.0
1,59.99
15,15.0
7,15.0
1,80.0
1,16.0
4,47.0
0,0.0
1,85.0
1,59.99
14,60.0
4,14.309999999999999
4,250.0
4,30.0
0,0.0
6,50.0
3,12.0
4,13.74
0,0.0
6,57.0
0,0.0
0,0.0
3,45.0
0,0.0
4,75.0
0,0.0
4,64.5
7,29.0
5,30.0
0,0.0
3,15.0
5,20.0
10,9.475
4,54.535
1,15.0
3,149.95
0,0.0
3,10.0
5,30.0
1,50.0
0,0.0
2,21.5
0,0.0
1,59.97
2,11.905000000000001
0,0.0
3,20.0
1,36.0
4,21.98
1,34.0
0,0.0
3,40.0
0,0.0
2,13.995000000000001
0,0.0
1,30.0
1,19.0
0,0.0
9,37.5
7,100.0
0,0.0
1,10.0
0,0.0
0,0.0
1,95.0
2,42.0
4,34.99
2,40.5
0,0.0
1,200.0
0,0.0
6,13.5
0,0.0
3,65.0
0,0.0
1,24.98
1,25.9
8,19.25
3,24.99
4,94.97
2,25.0
37,15.0
0,0.0
0,0.0
0,0.0
2,536.25
9,33.95
6,13.5
4,58.99
24,30.0
1,34.99
3,74.0
0,0.0
8,30.0
2,12.475
5,10.0
0,0.0
3,95.0
17,20.0
0,0.0
1,15.0
6,15.0
1,200.0
2,30.0
3,8.0
1,55.0
0,0.0
12,12.5
0,0.0
1,18.0
0,0.0
0,0.0
10,22.0
4,47.905
1,90.0
0,0.0
8,45.0
0,0.0
5,125.0
0,0.0
4,17.619999999999997
0,0.0
3,49.93
1,20.0
2,12.5
4,45.0
12,74.99
1,62.0
3,29.99
0,0.0
6,35.0
4,48.99
6,27.995
9,19.99
0,0.0
8,25.0
0,0.0
1,25.0
3,15.0
1,59.99
0,0.0
0,0.0
2,22.5
1,3.0
0,0.0
6,39.0
0,0.0
0,0.0
0,0.0
0,0.0
6,14.0
4,73.99
8,48.735
6,30.0
2,29.744999999999997
1,15.0
3,35.0
5,12.0
10,42.5
3,74.99
0,0.0
5,20.0
0,0.0
9,15.0
0,0.0
0,0.0
0,0.0
0,0.0
0,0.0
3,17.49
1,38.0
20,11.0
12,19.24
0,0.0
4,31.5
1,20.0
1,99.95
0,0.0
3,54.95
2,107.5
7,12.0
2,18.5
0,0.0
0,0.0
0,0.0
1,8.0
4,30.0
6,10.0
0,0.0
2,38.0
0,0.0
1,76.99
0,0.0
1,10.0
0,0.0
5,35.0
4,38.5
0,0.0
4,79.995
12,11.0
1,38.0
0,0.0
1,39.95
6,10.0
1,250.0
0,0.0
0,0.0
2,185.0
1,50.0
2,185.0
1,50.0
5,9.0
0,0.0
5,40.0
2,45.0
0,0.0
3,12.49
1,7.0
2,43.5
2,89.0
0,0.0
2,102.5
6,27.475
0,0.0
1,5.0
7,25.0
5,20.0
0,0.0
5,68.99
5,16.0
8,14.475
0,0.0
3,14.99
1,16.0
0,0.0
1,6.0
1,18.0
1,120.0
4,81.97
1,10.0
4,99.5
1,25.0
0,0.0
3,9.0
2,12.5
5,44.99
0,0.0
0,0.0
29,20.0
1,13.0
0,0.0
3,12.0
0,0.0
2,13.605
3,9.99
3,25.0
1,12.0
0,0.0
3,39.95
0,0.0
3,18.0
3,15.0
1,10.0
2,34.975
0,0.0
5,9.99
11,15.0
9,17.98
0,0.0
2,42.5
17,10.0
0,0.0
0,0.0
0,0.0
0,0.0
9,20.0
3,15.99
1,10.0
10,275.0
1,23.0
0,0.0
0,0.0
16,17.5
8,28.0
6,49.495000000000005
1,5.0
3,15.0
6,57.0
0,0.0
1,50.0
4,64.36500000000001
1,45.0
10,6.495
4,7.5
1,100.0
13,19.99
3,90.0
0,0.0
0,0.0
4,11.0
2,9.99
3,25.0
0,0.0
3,17.0
1,10.0
6,77.0
4,10.0
1,120.0
2,15.495
0,0.0
3,20.0
1,6.0
3,29.0
3,15.0
0,0.0
3,40.0
1,43.2
0,0.0
7,30.0
3,10.0
1,20.0
0,0.0
3,16.0
0,0.0
11,6.0
3,15.0
1,75.0
5,10.49
3,10.0
2,100.0
11,6.5
0,0.0
0,0.0
4,42.5
8,30.0
2,27.45
3,25.0
0,0.0
5,150.0
0,0.0
1,250.0
1,50.0
1,10.0
2,28.994999999999997
2,47.5
9,29.0
1,24.0
6,11.98
0,0.0
0,0.0
0,0.0
5,30.0
3,25.0
4,11.0
4,15.0
37,15.0
0,0.0
4,95.0
1,80.0
0,0.0
0,0.0
10,28.990000000000002
0,0.0
8,32.5
3,68.99
7,90.0
0,0.0
0,0.0
0,0.0
3,12.0
0,0.0
13,22.0
6,12.5
2,54.0
2,7.985
1,54.95
0,0.0
0,0.0
3,15.0
8,36.5
0,0.0
0,0.0
0,0.0
1,16.44
12,17.494999999999997
8,25.0
1,45.0
1,40.0
4,79.97
3,15.0
1,10.0
11,45.0
1,300.0
6,10.0
0,0.0
1,5.0
1,20.0
0,0.0
6,45.0
0,0.0
1,45.0
6,24.0
0,0.0
5,15.0
0,0.0
1,350.0
7,25.0
9,10.0
4,10.0
4,10.0
2,11.25
0,0.0
1,19.95
1,26.0
6,45.0
2,17.105
0,0.0
11,20.0
0,0.0
0,0.0
2,4.0
0,0.0
0,0.0
3,20.0
1,13.0
10,25.475
0,0.0
1,50.0
1,80.0
8,10.5
0,0.0
2,124.975
0,0.0
16,22.5
4,29.0
1,8.0
1,25.0
0,0.0
0,0.0
4,27.5
5,15.0
12,15.0
1,45.0
2,5.0
1,25.99
3,11.95
0,0.0
3,12.0
3,18.0
6,11.975
0,0.0
11,40.0
2,62.495
0,0.0
0,0.0
13,12.0
4,264.5
1,140.0
2,34.5
0,0.0
6,42.5
0,0.0
2,13.5
2,52.49
2,46.0
0,0.0
1,35.0
4,82.49
2,6.5
2,25.0
4,18.325
0,0.0
6,8.975
6,17.5
0,0.0
20,40.0
0,0.0
2,16.5
1,18.0
3,40.0
0,0.0
7,15.0
2,33.5
2,49.745000000000005
2,79.245
3,95.0
1,25.0
1,20.0
1,25.0
2,29.975
20,15.0
0,0.0
3,12.0
0,0.0
0,0.0
2,4.495
0,0.0
0,0.0
7,25.0
0,0.0
0,0.0
3,20.0
7,70.0
1,48.0
1,75.0
2,37.5
12,67.475
1,24.0
0,0.0
2,22.5
2,29.975
0,0.0
3,60.0
1,10.0
3,19.0
0,0.0
5,19.0
3,24.98
0,0.0
1,35.0
1,4.0
3,24.0
0,0.0
1,24.0
12,15.0
8,42.5
1,40.0
1,32.0
4,43.995000000000005
11,28.0
12,15.5
1,15.0
1,4.99
1,40.0
0,0.0
0,0.0
0,0.0
1,19.99
0,0.0
4,67.5
2,42.495000000000005
4,187.5
6,15.0
4,19.744999999999997
0,0.0
3,20.0
1,10.0
1,9.99
0,0.0
3,28.0
0,0.0
2,66.965
1,7.0
4,38.5
1,15.0
0,0.0
2,40.0
0,0.0
1,15.0
1,50.0
4,200.0
7,15.0
4,65.555
0,0.0
0,0.0
5,80.0
10,12.5
5,20.0
5,25.0
0,0.0
3,60.0
0,0.0
0,0.0
4,7.0
1,40.0
0,0.0
0,0.0
3,8.0
0,0.0
3,17.0
3,7.5
2,37.475
0,0.0
14,37.495000000000005
9,20.0
2,27.5
1,18.0
3,9.0
1,59.99
8,62.5
1,18.0
2,126.99000000000001
2,16.5
1,16.0
1,85.0
0,0.0
4,249.995
0,0.0
1,10.0
2,44.475
1,10.0
0,0.0
4,39.5
9,25.0
1,20.0
1,20.0
3,19.99
1,94.99
21,8.5
1,60.0
7,25.0
13,10.0
8,7.495
1,79.99
5,25.0
4,90.0
13,10.0
9,98.99
0,0.0
4,23.5
4,34.5
11,19.0
0,0.0
8,14.975
1,495.0
2,27.5
5,10.0
1,22.0
2,23.47
0,0.0
0,0.0
0,0.0
0,0.0
10,34.0
0,0.0
10,12.5
6,20.0
2,12.0
1,60.0
3,27.99
1,40.0
4,44.0
5,10.97
0,0.0
8,40.0
6,4.5
2,26.0
0,0.0
0,0.0
20,5.74
1,80.0
14,28.64
6,32.5
3,25.0
0,0.0
0,0.0
1,50.0
2,12.5
8,30.25
9,8.0
0,0.0
0,0.0
0,0.0
1,400.0
0,0.0
3,115.0
3,15.0
0,0.0
2,19.875
2,20.75
6,42.5
6,25.0
1,30.0
4,7.5
14,29.985
3,75.0
10,13.535
1,29.0
0,0.0
0,0.0
0,0.0
1,95.0
0,0.0
0,0.0
0,0.0
2,13.5
8,14.725
2,45.0
3,15.0
0,0.0
1,25.0
3,60.0
0,0.0
0,0.0
1,105.0
5,80.0
1,35.0
0,0.0
1,40.0
1,13.0
3,25.0
0,0.0
0,0.0
1,10.0
15,15.0
0,0.0
6,17.25
0,0.0
1,125.0
6,17.25
0,0.0
1,125.0
5,15.0
0,0.0
13,49.0
1,34.95
6,11.0
2,11.5
7,8.0
2,35.0
0,0.0
0,0.0
1,49.95
5,9.0
0,0.0
0,0.0
1,45.0
5,15.0
0,0.0
6,22.494999999999997
0,0.0
1,50.0
5,12.0
0,0.0
4,32.0
0,0.0
4,15.0
9,15.0
1,69.0
2,50.0
0,0.0
4,34.0
0,0.0
1,30.0
1,35.0
3,274.99
3,50.0
4,27.5
1,50.0
3,10.0
0,0.0
0,0.0
1,38.0
1,7.0
1,10.0
1,20.0
7,30.0
1,19.0
11,20.0
2,14.055
2,27.475
0,0.0
0,0.0
0,0.0
1,28.0
0,0.0
0,0.0
1,50.0
6,72.5
0,0.0
0,0.0
1,39.0
0,0.0
0,0.0
3,50.0
18,29.665
0,0.0
0,0.0
7,30.0
7,22.0
5,35.0
1,10.0
1,20.0
0,0.0
0,0.0
0,0.0
3,37.48
1,13.99
6,9.745000000000001
0,0.0
0,0.0
2,44.995000000000005
1,35.0
0,0.0
0,0.0
4,22.494999999999997
12,10.0
3,35.0
4,42.0
1,300.0
8,8.0
3,18.0
3,8.99
0,0.0
8,74.995
0,0.0
0,0.0
2,49.989999999999995
24,14.5
4,27.5
2,10.0
3,37.48
0,0.0
0,0.0
1,15.0
4,13.5
10,10.5
0,0.0
4,10.495000000000001
0,0.0
4,13.75
3,45.0
1,40.0
0,0.0
1,1024.7
0,0.0
2,150.0
6,20.0
1,20.0
0,0.0
0,0.0
0,0.0
3,40.0
0,0.0
0,0.0
2,68.5
1,118.99
2,28.115000000000002
2,7.0
6,157.5
0,0.0
3,50.0
2,60.0
5,25.0
0,0.0
0,0.0
1,49.0
0,0.0
4,42.0
2,79.5
4,14.99
7,12.0
3,16.0
0,0.0
13,12.0
0,0.0
0,0.0
0,0.0
0,0.0
1,25.0
1,500.0
2,32.715
0,0.0
2,20.48
0,0.0
3,25.0
3,15.0
4,48.995000000000005
1,16.0
2,21.23
1,120.0
1,100.0
0,0.0
2,109.475
6,12.5
5,8.95
4,51.495
7,45.0
1,58.99
0,0.0
5,15.0
0,0.0
0,0.0
9,8.0
1,99.99
1,10.0
0,0.0
5,33.0
1,35.0
0,0.0
1,20.0
6,58.5
0,0.0
5,25.0
4,19.994999999999997
1,15.0
4,47.5
0,0.0
1,50.0
1,10.0
3,25.0
10,25.994999999999997
6,29.995
0,0.0
1,90.0
0,0.0
0,0.0
1,75.0
1,20.0
0,0.0
5,35.99
9,26.0
1,50.0
0,0.0
0,0.0
2,6.0
2,21.0
0,0.0
5,30.0
0,0.0
12,20.0
9,6.0
0,0.0
3,20.0
4,9.0
2,234.995
1,17.0
10,26.0
0,0.0
0,0.0
0,0.0
10,54.555
0,0.0
0,0.0
2,16.0
2,6.0
2,48.0
1,55.0
0,0.0
0,0.0
4,9.0
7,39.0
6,100.0
2,20.0
6,12.5
2,29.7
1,15.0
3,35.0
10,25.0
0,0.0
1,50.0
3,109.99
2,37.0
1,15.0
0,0.0
19,15.99
16,14.995000000000001
6,57.5
1,35.0
0,0.0
3,40.0
1,49.99
5,20.0
3,59.49
3,57.0
3,15.0
3,75.0
5,35.0
0,0.0
2,45.245000000000005
6,10.0
6,10.0
8,26.5
2,9.245000000000001
3,50.0
6,17.494999999999997
3,10.0
0,0.0
0,0.0
1,41.0
9,13.0
5,35.0
0,0.0
6,10.0
6,15.0
2,22.494999999999997
3,79.94
1,16.0
4,57.0
2,12.5
1,29.95
4,18.0
1,40.0
1,108.99
3,40.0
3,10.0
0,0.0
7,20.0
9,45.0
0,0.0
2,57.489999999999995
1,30.0
0,0.0
11,9.95
3,30.0
0,0.0
3,60.0
0,0.0
4,20.0
4,64.5
3,5.0
2,27.494999999999997
0,0.0
2,54.995000000000005
1,20.0
1,120.0
0,0.0
1,39.99
1,49.95
0,0.0
2,45.495000000000005
0,0.0
2,16.0
0,0.0
0,0.0
2,74.99000000000001
2,8.48
0,0.0
2,15.0
3,19.0
2,19.975
2,12.475
3,15.0
0,0.0
13,15.0
1,20.0
0,0.0
0,0.0
12,25.0
0,0.0
0,0.0
2,15.0
0,0.0
6,10.0
0,0.0
2,14.309999999999999
1,30.0
3,30.0
5,20.0
4,137.5
0,0.0
0,0.0
0,0.0
0,0.0
0,0.0
0,0.0
2,34.475
0,0.0
1,28.0
1,38.0
0,0.0
8,37.475
6,15.0
2,174.495
4,19.975
1,198.99
3,38.0
0,0.0
0,0.0
8,11.745000000000001
0,0.0
0,0.0
0,0.0
0,0.0
1,149.99
6,25.475
0,0.0
5,24.0
0,0.0
1,75.0
2,27.5
2,137.5
2,37.06
0,0.0
1,38.99
4,86.24
0,0.0
1,25.0
1,30.0
0,0.0
4,10.99
3,45.0
0,0.0
2,80.0
3,249.99
1,110.0
1,59.95
1,20.0
1,27.45
3,27.96
2,28.494999999999997
0,0.0
9,20.0
1,20.0
2,10.0
12,20.0
3,34.49
7,10.0
0,0.0
1,68.49
0,0.0
0,0.0
0,0.0
1,13.49
2,17.5
4,20.0
1,14.0
0,0.0
1,39.49
0,0.0
8,20.0
4,13.735
0,0.0
0,0.0
4,11.5
0,0.0
1,40.0
0,0.0
1,14.99
9,20.0
1,75.0
0,0.0
1,30.0
0,0.0
5,12.0
5,13.99
7,20.0
4,15.0
12,8.5
0,0.0
0,0.0
1,39.99
1,35.99
1,10.0
7,40.0
0,0.0
0,0.0
0,0.0
0,0.0
0,0.0
0,0.0
2,35.0
3,15.0
3,35.0
6,60.0
2,37.5
0,0.0
2,199.97
0,0.0
0,0.0
0,0.0
0,0.0
0,0.0
0,0.0
0,0.0
3,50.0
2,12.0
6,60.0
0,0.0
2,46.5
0,0.0
1,45.0
0,0.0
2,44.5
3,40.0
3,15.0
2,18.975
1,24.93
5,80.0
1,40.0
3,25.0
0,0.0
0,0.0
9,109.98
0,0.0
0,0.0
2,9.5
0,0.0
3,15.0
0,0.0
3,10.0
3,4.95
0,0.0
13,10.0
1,40.0
3,9.99
15,20.0
0,0.0
5,34.0
0,0.0
2,37.5
0,0.0
0,0.0
2,62.475
1,18.0
0,0.0
6,27.994999999999997
0,0.0
2,98.99
0,0.0
6,27.994999999999997
0,0.0
2,98.99
2,65.0
4,65.0
11,43.99
3,14.99
2,10.745000000000001
1,84.0
6,47.5
0,0.0
1,10.0
0,0.0
11,5.0
0,0.0
0,0.0
2,40.0
2,54.975
1,39.0
0,0.0
0,0.0
1,225.0
4,13.495
2,18.0
2,52.495000000000005
1,20.0
2,22.490000000000002
2,71.995
2,11.0
15,29.95
0,0.0
1,40.0
3,10.0
11,24.99
1,41.95
12,41.495000000000005
3,70.0
0,0.0
0,0.0
6,32.47
5,11.0
0,0.0
1,49.95
9,14.99
0,0.0
5,11.0
13,20.0
1,10.0
10,22.5
2,14.25
5,12.0
0,0.0
1,49.49
8,25.0
6,27.5
4,12.99
0,0.0
1,37.0
4,15.0
5,10.0
3,48.99
0,0.0
0,0.0
4,68.99000000000001
3,25.0
0,0.0
12,28.555
0,0.0
1,10.0
0,0.0
7,12.5
4,22.5
3,65.0
0,0.0
0,0.0
0,0.0
0,0.0
1,135.0
2,28.75
0,0.0
0,0.0
1,48.0
1,39.94
0,0.0
2,38.0
1,160.0
2,103.99
2,13.975
4,21.5
2,5.5
0,0.0
14,11.0
3,35.0
0,0.0
7,36.49
0,0.0
3,24.99
0,0.0
4,7.5
4,10.0
2,79.995
0,0.0
0,0.0
7,7.0
5,28.99
2,24.494999999999997
4,9.0
0,0.0
12,10.0
6,40.995000000000005
19,35.0
1,12.95
0,0.0
1,12.99
0,0.0
10,14.5
3,20.0
0,0.0
5,68.0
0,0.0
3,36.9
0,0.0
5,239.99
0,0.0
0,0.0
8,34.995000000000005
0,0.0
0,0.0
12,25.0
0,0.0
0,0.0
0,0.0
1,75.0
0,0.0
1,9.0
0,0.0
0,0.0
1,25.0
0,0.0
4,17.5
0,0.0
3,45.0
6,20.0
1,10.0
2,34.5
0,0.0
0,0.0
1,175.0
4,9.99
2,28.744999999999997
3,25.0
1,299.99
0,0.0
4,12.5
2,88.495
0,0.0
1,49.0
0,0.0
8,44.99
1,15.0
5,10.0
0,0.0
0,0.0
0,0.0
0,0.0
0,0.0
1,15.0
3,20.99
0,0.0
5,10.0
0,0.0
0,0.0
2,30.9
2,71.72
0,0.0
1,34.0
0,0.0
0,0.0
0,0.0
2,42.5
0,0.0
3,25.0
2,36.995000000000005
0,0.0
2,32.475
0,0.0
0,0.0
3,36.4
0,0.0
0,0.0
0,0.0
2,32.5
2,31.5
1,45.0
1,35.0
18,20.0
4,60.0
4,10.0
7,21.99
1,68.16
2,29.5
10,20.0
17,15.0
3,70.0
9,75.0
3,39.0
1,15.0
1,7.0
12,32.5
0,0.0
0,0.0
15,12.0
1,49.99
0,0.0
3,149.99
1,20.0
0,0.0
0,0.0
1,25.0
0,0.0
3,100.0
6,15.5
7,29.99
2,52.47
0,0.0
0,0.0
6,7.5
3,5.0
4,53.5
5,54.99
2,44.495000000000005
3,40.0
1,50.0
1,55.0
2,13.0
5,84.99
1,19.0
1,29.0
1,10.0
3,45.0
0,0.0
11,125.0
0,0.0
0,0.0
2,35.0
0,0.0
0,0.0
1,30.0
2,79.245
0,0.0
1,1012.0
2,48.99
2,40.0
0,0.0
15,12.0
4,28.97
0,0.0
1,5.49
0,0.0
0,0.0
2,6.0
3,300.0
2,18.0
0,0.0
1,5.0
0,0.0
3,74.99
3,19.5
3,8.0
5,10.0
0,0.0
0,0.0
1,25.0
0,0.0
4,61.0
0,0.0
3,35.0
2,85.0
1,89.0
5,125.0
2,21.25
17,10.0
2,12.0
6,42.5
4,80.0
1,8.0
3,60.0
2,14.0
0,0.0
16,19.5
5,44.0
1,14.95
6,19.97
0,0.0
1,49.99
1,22.0
2,12.5
1,40.0
1,5.0
6,15.0
7,30.0
15,17.0
7,12.0
19,14.49
5,28.0
10,29.744999999999997
1,20.0
4,79.975
4,30.0
1,20.0
13,15.0
6,24.494999999999997
4,23.060000000000002
7,48.95
4,17.494999999999997
0,0.0
0,0.0
2,10.0
1,12.0
0,0.0
2,12.5
2,15.995
1,40.0
1,30.0
1,12.0
0,0.0
0,0.0
9,15.0
1,12.0
0,0.0
1,20.0
3,10.0
0,0.0
0,0.0
4,13.995
2,21.5
0,0.0
2,21.975
3,30.0
0,0.0
3,9.98
0,0.0
0,0.0
6,17.0
1,5.0
0,0.0
0,0.0
0,0.0
2,10.25
3,15.0
8,12.5
0,0.0
3,8.0
0,0.0
0,0.0
3,300.0
2,26.495
3,44.99
1,75.0
0,0.0
1,74.0
0,0.0
6,42.5
1,25.0
1,16.0
5,30.0
2,67.47
0,0.0
0,0.0
0,0.0
3,32.0
0,0.0
2,134.995
6,5.495
3,9.0
2,24.0
2,45.0
0,0.0
0,0.0
6,6.5
1,95.0
0,0.0
0,0.0
0,0.0
3,44.99
3,18.0
2,28.5
1,14.95
5,60.0
3,12.0
5,15.0
13,10.0
7,17.92
8,12.370000000000001
0,0.0
9,56.11
17,25.0
0,0.0
2,14.5
9,56.11
17,25.0
2,14.5
2,28.5
0,0.0
20,22.0
0,0.0
0,0.0
2,85.0
0,0.0
2,40.0
1,80.0
1,80.0
1,37.0
0,0.0
0,0.0
2,37.5
1,29.0
0,0.0
2,10.245000000000001
0,0.0
1,39.99
0,0.0
3,25.0
0,0.0
0,0.0
1,30.0
1,30.0
7,6.0
1,59.95
0,0.0
2,77.5
0,0.0
10,9.995000000000001
0,0.0
0,0.0
3,22.99
0,0.0
4,22.0
0,0.0
3,20.0
7,20.0
0,0.0
1,70.0
3,30.0
1,35.0
1,35.0
3,62.38
1,15.0
0,0.0
3,14.0
0,0.0
0,0.0
7,24.0
0,0.0
1,15.0
3,88.0
0,0.0
6,10.0
0,0.0
1,15.0
0,0.0
8,15.0
10,25.0
1,79.0
1,10.0
2,12.67
0,0.0
2,13.0
3,44.49
0,0.0
11,27.0
0,0.0
3,30.0
1,20.0
2,21.994999999999997
1,109.0
1,20.0
1,15.0
2,4.779999999999999
0,0.0
1,29.99
2,78.995
0,0.0
0,0.0
5,58.0
2,7.5
0,0.0
7,13.95
8,4.245
0,0.0
1,80.0
9,25.0
0,0.0
2,35.0
0,0.0
14,17.490000000000002
7,30.0
0,0.0
1,25.0
8,15.0
1,31.0
3,50.0
0,0.0
2,18.5
6,9.0
0,0.0
4,54.97
11,6.99
0,0.0
1,16.44
4,89.99
8,35.0
2,16.5
0,0.0
1,15.0
0,0.0
8,42.5
4,62.495
1,5.0
1,110.0
1,17.5
3,59.95
0,0.0
0,0.0
7,183.31
3,41.99
2,13.975
0,0.0
1,10.0
2,20.0
4,18.0
0,0.0
21,20.0
1,41.94
0,0.0
2,62.495000000000005
21,30.0
2,27.5
0,0.0
0,0.0
1,67.0
1,11.49
1,109.0
0,0.0
2,122.5
3,74.0
0,0.0
1,34.95
1,20.0
1,45.0
0,0.0
0,0.0
7,10.0
1,50.0
1,25.0
2,60.5
0,0.0
1,35.0
0,0.0
3,24.99
0,0.0
3,29.0
5,25.0
0,0.0
0,0.0
1,34.0
11,20.0
3,37.48
6,26.0
3,100.0
0,0.0
16,25.0
16,95.0
5,10.0
0,0.0
0,0.0
3,70.0
0,0.0
1,50.0
0,0.0
0,0.0
0,0.0
1,20.0
2,35.995
1,39.95
5,30.0
0,0.0
1,50.0
6,37.995000000000005
3,10.0
1,25.0
0,0.0
0,0.0
7,6.8
0,0.0
1,100.0
2,104.24
3,5.0
0,0.0
0,0.0
0,0.0
0,0.0
2,29.0
5,50.0
5,20.0
10,22.975
5,25.0
0,0.0
0,0.0
0,0.0
9,20.0
0,0.0
4,32.495000000000005
4,27.5
1,3.5
1,25.0
7,16.0
4,10.0
2,11.75
0,0.0
0,0.0
2,30.994999999999997
0,0.0
0,0.0
0,0.0
5,25.0
3,42.42
2,159.995
0,0.0
0,0.0
0,0.0
0,0.0
11,25.0
0,0.0
0,0.0
10,39.0
1,79.99
6,25.0
0,0.0
5,20.0
4,42.495000000000005
0,0.0
2,92.5
0,0.0
0,0.0
6,17.0
0,0.0
2,27.99
0,0.0
0,0.0
12,7.49
1,28.0
10,22.5
0,0.0
16,21.939999999999998
2,37.495000000000005
0,0.0
4,56.0
2,12.5
1,95.0
3,30.0
0,0.0
6,37.5
0,0.0
0,0.0
0,0.0
6,12.0
2,19.0
7,15.0
2,28.225
2,16.5
3,23.95
1,59.49
0,0.0
5,15.0
4,32.49
12,17.5
0,0.0
2,17.494999999999997
4,9.995000000000001
0,0.0
0,0.0
3,35.0
3,29.98
3,75.0
1,10.0
0,0.0
4,44.5
0,0.0
1,125.0
1,29.99
0,0.0
2,15.0
1,20.0
16,27.555
1,29.9
0,0.0
1,23.0
2,24.5
2,15.0
1,20.0
1,29.9
1,23.0
0,0.0
2,24.5
0,0.0
14,9.0
12,17.5
0,0.0
0,0.0
0,0.0
0,0.0
3,15.0
0,0.0
4,15.5
5,10.0
11,5.0
1,49.0
0,0.0
4,42.980000000000004
0,0.0
1,75.0
4,29.225
0,0.0
1,15.0
0,0.0
2,26.5
0,0.0
3,35.0
1,75.0
0,0.0
4,44.49
0,0.0
1,23.0
0,0.0
16,27.555
1,19.95
0,0.0
1,25.0
0,0.0
0,0.0
4,46.5
17,10.0
4,46.5
4,50.0
2,25.47
3,14.0
8,42.5
0,0.0
1,15.0
0,0.0
0,0.0
10,25.0
0,0.0
3,16.0
2,7.5
0,0.0
0,0.0
0,0.0
0,0.0
1,15.0
3,7.25
1,79.0
0,0.0
3,42.0
0,0.0
0,0.0
1,18.99
4,15.0
0,0.0
2,65.0
1,78.95
1,99.0
0,0.0
3,20.0
1,19.95
1,15.0
3,50.0
3,10.0
1,30.0
0,0.0
1,3.0
1,90.0
5,35.0
1,50.0
6,8.25
1,15.0
0,0.0
5,18.0
0,0.0
0,0.0
3,40.0
0,0.0
1,25.0
2,9.5
0,0.0
6,35.0
15,25.0
0,0.0
0,0.0
2,40.489999999999995
3,240.0
0,0.0
1,10.0
2,41.75
1,75.0
0,0.0
1,16.0
6,37.475
3,49.0
0,0.0
0,0.0
2,21.995
3,19.0
7,74.94
6,57.5
0,0.0
4,37.5
3,41.99
3,180.0
8,9.995000000000001
3,10.0
1,7.48
2,19.244999999999997
8,117.5
3,26.0
2,15.0
2,8.5
0,0.0
0,0.0
0,0.0
2,16.5
0,0.0
1,30.0
15,20.0
3,225.0
1,12.0
2,14.995
2,11.995000000000001
3,20.0
0,0.0
5,120.0
1,75.0
0,0.0
0,0.0
8,7.5
2,12.0
3,50.0
0,0.0
2,32.9
1,100.0
2,192.5
5,10.0
0,0.0
5,40.0
2,159.495
0,0.0
4,12.5
1,56.0
0,0.0
2,31.975
2,20.0
4,77.5
2,32.495
1,35.0
0,0.0
1,10.0
2,22.5
1,62.0
0,0.0
2,35.0
0,0.0
0,0.0
0,0.0
0,0.0
0,0.0
2,17.995
0,0.0
0,0.0
5,20.0
1,60.0
0,0.0
0,0.0
5,85.0
6,40.0
3,45.0
2,90.5
3,74.99
0,0.0
1,38.0
0,0.0
2,42.5
3,12.0
0,0.0
3,10.0
2,9.495000000000001
3,15.0
1,5.0
1,50.0
1,20.0
0,0.0
0,0.0
3,36.99
4,37.5
3,60.0
5,35.0
2,20.5
1,19.99
4,68.72
3,16.0
2,17.490000000000002
0,0.0
2,47.5
0,0.0
0,0.0
1,97.99
0,0.0
1,110.0
0,0.0
6,27.0
2,62.5
1,54.99
1,25.0
2,30.0
5,61.99
0,0.0
4,26.3
3,24.0
0,0.0
1,28.0
1,10.0
0,0.0
3,48.0
0,0.0
0,0.0
2,25.0
1,22.0
0,0.0
0,0.0
2,20.0
0,0.0
0,0.0
0,0.0
2,17.494999999999997
1,15.0
0,0.0
3,25.0
0,0.0
0,0.0
0,0.0
0,0.0
2,22.494999999999997
2,33.99
2,10.68
1,5.0
2,5.5
5,30.0
0,0.0
2,9.0
3,39.0
4,37.0
0,0.0
0,0.0
0,0.0
0,0.0
0,0.0
1,10.0
2,62.99
0,0.0
0,0.0
0,0.0
0,0.0
0,0.0
6,18.25
8,92.5
3,15.0
0,0.0
3,12.99
0,0.0
0,0.0
2,17.0
4,38.5
0,0.0
0,0.0
5,45.0
9,33.0
1,27.0
1,400.0
18,11.99
1,4.0
3,330.0
0,0.0
3,74.99
4,4.765000000000001
5,70.0
3,25.0
1,7.0
0,0.0
1,35.0
1,40.0
4,29.0
14,13.5
0,0.0
0,0.0
2,27.5
0,0.0
1,30.0
1,60.0
3,5.0
0,0.0
0,0.0
4,41.495000000000005
0,0.0
3,180.0
1,30.0
1,85.0
1,26.0
3,39.96
1,15.0
0,0.0
2,19.975
0,0.0
6,27.5
9,20.0
3,35.0
5,90.0
7,45.0
7,28.55
0,0.0
1,44.99
0,0.0
2,82.0
1,20.0
0,0.0
0,0.0
0,0.0
9,35.0
1,7.95
0,0.0
0,0.0
0,0.0
0,0.0
2,65.0
1,10.0
0,0.0
8,17.5
13,18.16
8,37.745000000000005
3,30.0
0,0.0
6,29.994999999999997
2,17.25
0,0.0
7,10.0
0,0.0
1,29.0
5,20.0
2,49.995000000000005
4,50.0
3,88.94
0,0.0
0,0.0
1,21.99
0,0.0
1,55.0
12,319.995
0,0.0
5,50.0
2,29.995
1,88.99
21,15.0
3,22.0
1,8.0
3,25.0
0,0.0
1,15.0
4,23.5
2,11.25
0,0.0
1,25.0
4,62.5
2,24.5
0,0.0
0,0.0
0,0.0
8,25.0
2,18.5
0,0.0
0,0.0
0,0.0
1,28.99
8,16.475
9,20.0
5,20.0
0,0.0
6,34.995000000000005
2,19.494999999999997
4,35.0
4,7.0
0,0.0
2,50.995000000000005
3,10.0
0,0.0
0,0.0
3,99.99
0,0.0
0,0.0
3,45.0
2,35.495000000000005
4,12.995000000000001
1,25.0
0,0.0
9,55.0
1,87.0
2,20.0
1,21.0
0,0.0
2,17.975
0,0.0
3,9.99
5,15.0
2,30.0
5,45.0
9,20.0
0,0.0
0,0.0
0,0.0
2,9.0
2,96.995
0,0.0
0,0.0
0,0.0
0,0.0
2,30.0
1,74.98
2,10.215
0,0.0
0,0.0
1,38.46
2,31.475
0,0.0
0,0.0
3,30.0
2,62.475
0,0.0
0,0.0
1,30.0
0,0.0
2,41.745000000000005
6,20.0
0,0.0
3,20.0
1,18.0
0,0.0
0,0.0
0,0.0
3,9.49
3,15.0
0,0.0
2,99.995
1,76.0
0,0.0
2,89.0
0,0.0
0,0.0
0,0.0
0,0.0
1,15.0
3,27.0
5,16.77
25,70.0
0,0.0
0,0.0
1,31.49
0,0.0
0,0.0
12,9.475
0,0.0
1,20.0
0,0.0
4,16.759999999999998
3,100.0
3,22.71
0,0.0
4,21.0
3,49.99
4,57.47
1,15.0
2,22.0
5,18.0
1,31.96
4,22.244999999999997
0,0.0
0,0.0
5,42.0
1,35.0
0,0.0
7,30.0
0,0.0
0,0.0
1,10.0
0,0.0
0,0.0
2,22.490000000000002
0,0.0
0,0.0
0,0.0
4,44.97
3,25.0
0,0.0
5,20.0
1,35.0
0,0.0
2,92.5
0,0.0
1,12.0
0,0.0
0,0.0
0,0.0
0,0.0
2,9.975
1,49.94
4,25.0
2,19.625
6,30.0
1,15.0
0,0.0
0,0.0
0,0.0
0,0.0
3,10.0
3,75.0
0,0.0
0,0.0
0,0.0
8,16.865000000000002
3,53.86
1,24.0
0,0.0
0,0.0
0,0.0
1,39.94
0,0.0
4,49.5
5,109.0
0,0.0
3,15.0
5,35.0
0,0.0
0,0.0
0,0.0
0,0.0
1,74.99
0,0.0
2,237.5
1,21.0
1,88.99
2,20.0
0,0.0
2,9.5
3,60.0
1,15.0
1,90.0
0,0.0
3,14.0
11,16.5
3,15.0
1,45.0
3,30.0
0,0.0
4,16.5
0,0.0
1,16.0
1,60.0
3,20.0
0,0.0
2,11.5
1,30.0
0,0.0
8,8.0
1,32.99
11,25.0
0,0.0
0,0.0
9,5.0
0,0.0
3,15.0
0,0.0
0,0.0
2,7.495
2,64.0
2,22.495
1,33.0
1,239.99
0,0.0
0,0.0
0,0.0
0,0.0
2,12.0
0,0.0
1,95.0
0,0.0
3,20.0
0,0.0
4,48.99
0,0.0
3,15.0
6,45.0
3,50.0
1,98.99
0,0.0
5,12.97
0,0.0
2,35.0
0,0.0
1,12.0
3,12.0
1,40.0
0,0.0
3,40.0
3,25.0
0,0.0
2,5.74
1,20.0
1,44.99
1,80.0
1,149.99
0,0.0
0,0.0
5,16.0
3,45.0
0,0.0
0,0.0
2,45.0
1,40.0
4,14.25
0,0.0
1,10.99
1,47.5
2,34.995000000000005
5,17.0
7,55.0
20,10.0
2,232.5
1,80.0
7,70.0
0,0.0
0,0.0
1,29.99
11,40.0
5,30.0
4,39.995000000000005
0,0.0
1,8.0
4,34.75
0,0.0
0,0.0
0,0.0
0,0.0
2,10.0
0,0.0
4,159.5
3,39.99
1,20.0
3,17.49
1,12.0
1,17.99
1,98.99
2,22.905
7,10.0
4,325.0
0,0.0
2,175.0
1,29.0
7,12.0
1,38.0
0,0.0
0,0.0
3,27.0
1,49.99
0,0.0
1,15.0
4,12.5
8,10.0
0,0.0
1,35.0
1,10.0
6,69.495
2,97.5
0,0.0
2,72.5
2,8.0
0,0.0
0,0.0
0,0.0
0,0.0
2,24.875
4,14.5
2,45.94
1,35.0
3,145.0
0,0.0
2,20.0
5,10.0
0,0.0
1,65.0
3,8.57
0,0.0
0,0.0
3,25.0
0,0.0
0,0.0
6,54.0
0,0.0
3,14.0
0,0.0
0,0.0
1,150.0
4,58.995000000000005
4,15.0
0,0.0
5,60.0
0,0.0
0,0.0
2,24.0
1,39.99
1,15.0
2,57.5
0,0.0
1,5.0
1,149.99
6,41.47
2,43.745000000000005
0,0.0
2,5.5
0,0.0
1,74.99
0,0.0
2,29.995
0,0.0
0,0.0
7,60.0
3,4.0
2,18.325
4,41.0
1,150.0
5,38.0
0,0.0
1,20.0
0,0.0
1,27.0
0,0.0
11,25.0
3,200.0
1,28.0
0,0.0
0,0.0
1,60.0
0,0.0
0,0.0
3,54.95
0,0.0
1,33.99
0,0.0
0,0.0
1,65.0
4,37.5
0,0.0
1,4.0
1,19.99
4,9.49
0,0.0
2,16.45
3,4.99
0,0.0
2,32.5
1,7.99
1,10.0
5,9.07
3,14.0
2,100.0
1,43.99
0,0.0
4,16.975
0,0.0
3,24.0
7,10.0
3,20.0
14,9.995000000000001
0,0.0
0,0.0
2,37.5
1,300.0
5,19.0
3,12.0
7,12.5
8,19.0
1,5.0
3,15.0
3,15.0
2,49.99
3,417.0
0,0.0
0,0.0
7,5.0
2,80.495
0,0.0
5,12.0
3,88.99
0,0.0
0,0.0
0,0.0
10,17.5
5,5.0
3,15.0
0,0.0
2,61.495000000000005
0,0.0
3,5.0
2,45.0
0,0.0
3,19.0
0,0.0
0,0.0
0,0.0
0,0.0
0,0.0
0,0.0
7,69.49
1,15.0
4,87.5
1,99.95
4,45.5
1,41.99
0,0.0
0,0.0
1,35.94
0,0.0
4,47.495000000000005
0,0.0
2,58.975
3,24.0
3,15.0
3,44.95
0,0.0
0,0.0
5,125.0
1,150.0
3,80.0
2,4.995
0,0.0
4,18.5
1,59.07
0,0.0
0,0.0
7,35.0
0,0.0
3,20.0
41,16.99
1,23.95
0,0.0
0,0.0
0,0.0
2,16.5
6,78.5
0,0.0
2,14.99
1,39.94
1,10.0
5,30.0
3,45.0
2,56.0
10,24.5
2,16.23
0,0.0
2,19.0
2,72.47
9,34.49
1,30.0
0,0.0
3,30.0
0,0.0
0,0.0
7,15.0
1,60.0
2,12.5
2,795.0
0,0.0
9,25.0
7,8.95
0,0.0
0,0.0
1,8.0
0,0.0
1,29.95
4,142.475
4,8.0
8,20.0
0,0.0
0,0.0
4,9.0
4,24.994999999999997
0,0.0
1,41.94
0,0.0
0,0.0
17,30.0
4,35.0
5,38.0
0,0.0
0,0.0
0,0.0
2,32.99
1,40.0
1,35.0
0,0.0
1,40.0
1,27.96
3,7.0
1,149.95
3,399.99
0,0.0
1,175.0
1,3.0
0,0.0
3,99.99
2,15.0
1,25.0
0,0.0
9,12.59
5,20.0
2,24.0
7,20.0
5,205.0
1,48.0
0,0.0
0,0.0
0,0.0
0,0.0
0,0.0
2,39.0
2,23.0
0,0.0
0,0.0
1,28.0
0,0.0
2,57.5
2,46.0
0,0.0
0,0.0
1,50.0
1,19.99
0,0.0
7,64.99
2,8.5
2,40.0
4,121.965
4,44.995000000000005
9,5.0
6,5.5
4,154.995
1,25.0
0,0.0
4,30.0
1,32.0
0,0.0
8,22.5
0,0.0
4,38.32
0,0.0
0,0.0
0,0.0
1,35.0
3,15.0
2,31.5
4,15.995000000000001
0,0.0
1,58.99
0,0.0
0,0.0
3,12.0
0,0.0
1,6.0
0,0.0
0,0.0
0,0.0
2,39.495000000000005
7,24.95
2,30.0
18,30.0
4,10.5
5,25.0
1,30.0
3,15.0
0,0.0
0,0.0
4,34.905
0,0.0
3,18.0
4,10.495000000000001
3,10.0
0,0.0
1,20.0
4,35.0
3,13.88
4,122.495
1,10.98
3,13.0
0,0.0
0,0.0
1,3.5
1,49.0
1,35.0
3,40.0
2,35.0
4,15.5
8,94.995
0,0.0
3,13.33
1,36.0
0,0.0
0,0.0
3,65.0
1,34.49
3,49.0
0,0.0
18,30.0
0,0.0
0,0.0
0,0.0
6,10.0
0,0.0
0,0.0
0,0.0
0,0.0
1,8.0
0,0.0
1,6.0
0,0.0
10,28.47
0,0.0
10,34.995000000000005
2,119.995
16,14.5
5,25.0
0,0.0
2,11.0
1,25.0
0,0.0
7,10.0
0,0.0
5,6.5
3,75.0
0,0.0
0,0.0
0,0.0
3,29.99
1,34.0
11,40.0
1,50.0
0,0.0
1,15.0
20,9.495000000000001
0,0.0
1,39.99
0,0.0
0,0.0
1,19.95
0,0.0
0,0.0
4,13.995000000000001
0,0.0
0,0.0
0,0.0
2,74.995
1,45.0
1,25.0
0,0.0
0,0.0
0,0.0
4,112.5
1,64.99
2,13.47
0,0.0
0,0.0
0,0.0
2,21.0
0,0.0
1,26.0
3,130.0
1,17.0
2,30.0
7,28.0
0,0.0
0,0.0
2,69.5
1,350.0
0,0.0
1,15.0
2,19.0
2,14.495000000000001
4,154.995
0,0.0
2,34.475
4,22.5
0,0.0
0,0.0
3,20.0
0,0.0
1,15.0
0,0.0
0,0.0
0,0.0
7,10.0
2,13.73
3,40.0
3,20.0
1,49.99
5,30.0
0,0.0
2,40.0
0,0.0
5,15.0
1,45.0
1,99.9
0,0.0
0,0.0
5,25.0
0,0.0
3,16.0
2,99.5
5,30.0
4,35.0
0,0.0
1,350.0
1,5.0
3,20.0
3,8.0
3,100.0
2,29.0
7,150.0
0,0.0
0,0.0
3,17.97
0,0.0
1,10.0
0,0.0
2,39.0
2,47.475
0,0.0
0,0.0
5,16.0
0,0.0
0,0.0
0,0.0
3,9.0
3,8.0
2,21.494999999999997
0,0.0
2,23.5
0,0.0
0,0.0
2,23.0
0,0.0
2,17.494999999999997
1,17.0
3,30.0
3,45.99
1,33.0
2,62.495
2,51.230000000000004
5,10.0
3,30.0
0,0.0
3,15.0
0,0.0
0,0.0
0,0.0
3,49.99
6,15.0
4,25.0
1,20.0
0,0.0
4,33.739999999999995
0,0.0
0,0.0
1,12.0
13,15.0
0,0.0
2,30.0
0,0.0
0,0.0
4,5.0
4,7.0
1,10.0
2,22.990000000000002
0,0.0
0,0.0
1,9.0
0,0.0
0,0.0
3,13.0
0,0.0
5,35.0
0,0.0
1,35.0
0,0.0
1,48.99
5,35.0
7,23.99
10,12.0
0,0.0
0,0.0
7,21.0
0,0.0
3,75.0
0,0.0
1,9.0
0,0.0
0,0.0
0,0.0
0,0.0
0,0.0
2,13.99
0,0.0
0,0.0
0,0.0
1,50.0
2,16.0
0,0.0
1,10.0
0,0.0
2,21.5
1,45.0
4,22.5
3,55.0
3,40.0
3,130.0
1,40.0
1,3.99
0,0.0
0,0.0
0,0.0
0,0.0
0,0.0
0,0.0
0,0.0
0,0.0
0,0.0
1,58.99
6,16.5
6,56.995000000000005
1,15.0
0,0.0
2,11.5
4,80.0
6,33.495000000000005
2,20.475
0,0.0
0,0.0
0,0.0
0,0.0
2,12.5
0,0.0
1,14.0
5,18.0
0,0.0
1,35.0
5,25.0
2,8.5
2,7.745
0,0.0
0,0.0
0,0.0
0,0.0
2,35.0
0,0.0
0,0.0
6,27.5
1,65.95
0,0.0
1,10.0
0,0.0
0,0.0
0,0.0
0,0.0
0,0.0
1,15.0
0,0.0
0,0.0
0,0.0
1,19.0
4,17.25
1,69.99
0,0.0
1,16.0
1,29.99
9,15.0
0,0.0
2,95.61500000000001
3,15.0
2,21.955
2,76.495
1,100.0
7,89.99
1,15.0
0,0.0
0,0.0
0,0.0
0,0.0
0,0.0
1,30.0
0,0.0
2,60.0
5,10.0
0,0.0
0,0.0
5,37.0
0,0.0
1,30.0
1,20.0
3,49.94
1,49.95
0,0.0
5,12.0
0,0.0
0,0.0
2,185.0
2,20.0
1,35.0
0,0.0
3,68.99
2,46.975
0,0.0
1,999.0
0,0.0
1,34.99
0,0.0
0,0.0
0,0.0
14,20.0
0,0.0
0,0.0
6,18.575
0,0.0
2,54.995
2,19.994999999999997
0,0.0
0,0.0
0,0.0
0,0.0
0,0.0
0,0.0
18,7.5
0,0.0
3,24.0
4,15.0
0,0.0
3,15.0
2,18.5
2,1100.0
0,0.0
1,25.0
0,0.0
3,39.0
0,0.0
6,20.0
0,0.0
9,15.0
5,80.0
5,40.0
1,8.0
3,20.0
0,0.0
0,0.0
0,0.0
2,38.17
0,0.0
0,0.0
5,15.0
3,25.0
0,0.0
0,0.0
0,0.0
2,268.5
1,17.0
0,0.0
2,24.994999999999997
4,29.744999999999997
0,0.0
5,34.99
3,30.0
13,20.0
3,14.99
0,0.0
0,0.0
5,22.0
0,0.0
0,0.0
7,15.0
1,45.0
0,0.0
2,90.0
4,23.5
0,0.0
0,0.0
2,27.0
0,0.0
0,0.0
0,0.0
8,75.0
0,0.0
0,0.0
1,200.0
0,0.0
1,10.0
0,0.0
0,0.0
1,27.96
3,10.0
0,0.0
1,10.0
2,18.5
4,16.0
9,4.99
0,0.0
0,0.0
5,15.0
2,58.97
0,0.0
0,0.0
0,0.0
3,35.0
0,0.0
0,0.0
0,0.0
4,14.475
1,45.0
0,0.0
2,47.495000000000005
4,50.49
3,54.95
2,197.5
0,0.0
2,38.475
4,65.0
0,0.0
2,26.979999999999997
7,50.0
1,30.0
0,0.0
6,26.494999999999997
3,15.0
0,0.0
0,0.0
0,0.0
4,10.0
0,0.0
0,0.0
0,0.0
2,9.5
3,19.99
1,25.0
3,15.98
0,0.0
0,0.0
0,0.0
4,6.67
0,0.0
2,43.995000000000005
1,18.0
3,45.0
0,0.0
7,55.0
1,28.0
0,0.0
0,0.0
1,20.0
2,57.5
0,0.0
5,30.0
3,25.0
0,0.0
0,0.0
0,0.0
1,35.0
0,0.0
1,34.0
6,42.5
2,44.95
8,31.25
2,94.99000000000001
1,10.0
11,25.0
3,30.0
0,0.0
0,0.0
0,0.0
1,20.0
0,0.0
2,36.19
0,0.0
0,0.0
0,0.0
1,16.44
1,35.0
1,15.0
0,0.0
0,0.0
1,40.0
1,25.0
1,23.99
5,20.0
1,7.0
1,49.0
1,11.99
0,0.0
0,0.0
0,0.0
0,0.0
1,20.0
1,35.0
1,10.0
0,0.0
0,0.0
0,0.0
0,0.0
5,25.0
0,0.0
1,40.0
0,0.0
3,109.94
0,0.0
0,0.0
5,10.0
0,0.0
0,0.0
0,0.0
3,190.0
0,0.0
0,0.0
5,25.0
1,30.0
7,20.0
0,0.0
1,15.0
0,0.0
5,60.0
3,90.0
8,27.5
4,27.5
6,56.745000000000005
7,21.0
0,0.0
8,101.0
3,29.36
3,38.0
3,15.0
2,35.0
2,15.0
0,0.0
0,0.0
0,0.0
5,3.0
1,8.0
0,0.0
0,0.0
0,0.0
5,35.99
1,150.0
1,34.99
2,67.5
5,35.0
4,26.725
1,17.0
3,70.0
1,39.9
9,10.0
4,65.0
1,65.0
5,6.85
1,100.0
0,0.0
5,5.0
1,37.0
3,18.16
1,15.0
1,125.0
3,54.99
4,14.495
0,0.0
7,20.0
1,20.0
8,9.995000000000001
1,54.95
0,0.0
0,0.0
1,420.0
1,35.0
4,11.98
0,0.0
1,84.94
4,38.975
1,19.0
2,7.49
0,0.0
0,0.0
1,3.49
1,18.0
3,300.0
0,0.0
1,39.95
0,0.0
1,30.0
5,10.0
6,11.245000000000001
0,0.0
0,0.0
1,35.0
0,0.0
3,50.0
8,32.5
3,80.0
0,0.0
0,0.0
1,50.0
1,19.95
0,0.0
2,16.0
0,0.0
6,41.0
0,0.0
3,30.0
4,29.245
0,0.0
0,0.0
2,150.0
5,15.0
1,22.0
0,0.0
3,10.0
3,15.0
11,8.0
4,10.0
8,62.5
6,22.5
1,59.0
1,29.94
0,0.0
0,0.0
2,51.99
18,7.5
0,0.0
0,0.0
8,20.0
0,0.0
0,0.0
0,0.0
0,0.0
4,20.0
1,69.94
0,0.0
0,0.0
0,0.0
1,70.0
0,0.0
0,0.0
0,0.0
0,0.0
1,49.99
0,0.0
0,0.0
6,47.475
0,0.0
4,35.0
0,0.0
1,13.0
0,0.0
0,0.0
0,0.0
0,0.0
0,0.0
8,42.5
0,0.0
0,0.0
1,35.0
3,11.99
1,450.0
0,0.0
0,0.0
3,59.99
1,15.0
1,28.0
0,0.0
2,60.0
0,0.0
0,0.0
0,0.0
5,20.0
0,0.0
10,15.5
0,0.0
0,0.0
0,0.0
7,19.0
1,34.99
2,39.995000000000005
0,0.0
0,0.0
1,5.0
2,105.0
5,15.0
0,0.0
1,50.0
3,39.95
4,10.0
6,15.0
1,50.0
0,0.0
0,0.0
8,33.995000000000005
0,0.0
1,60.0
12,17.5
2,28.5
2,32.495
1,15.0
2,24.994999999999997
18,20.0
1,10.0
5,30.0
0,0.0
0,0.0
0,0.0
0,0.0
1,28.99
1,45.0
5,15.0
1,25.0
1,55.0
0,0.0
3,90.0
2,50.0
0,0.0
1,24.95
3,15.0
2,85.0
0,0.0
3,38.0
2,19.25
7,20.0
1,28.99
1,115.0
0,0.0
2,31.744999999999997
0,0.0
1,35.0
0,0.0
0,0.0
0,0.0
0,0.0
0,0.0
2,119.995
0,0.0
0,0.0
0,0.0
1,10.94
0,0.0
0,0.0
1,25.0
1,99.33
0,0.0
1,45.0
0,0.0
1,25.0
2,32.47
1,90.0
4,209.5
3,15.0
0,0.0
0,0.0
0,0.0
0,0.0
0,0.0
0,0.0
1,10.0
0,0.0
0,0.0
0,0.0
2,20.0
0,0.0
5,25.0
4,48.995000000000005
1,29.95
2,120.0
0,0.0
0,0.0
0,0.0
1,27.95
0,0.0
15,40.0
0,0.0
0,0.0
1,3.0
0,0.0
0,0.0
1,10.0
1,75.0
2,94.97
4,24.555
3,19.99
0,0.0
0,0.0
0,0.0
3,35.0
0,0.0
0,0.0
0,0.0
0,0.0
0,0.0
4,88.39
1,39.0
0,0.0
0,0.0
0,0.0
1,18.0
0,0.0
1,6.0
2,42.5
1,9999.0
0,0.0
0,0.0
0,0.0
8,11.0
0,0.0
2,167.495
0,0.0
2,38.975
0,0.0
0,0.0
2,29.0
2,26.0
2,22.5
2,18.495
0,0.0
0,0.0
1,9.0
3,12.0
3,5.0
0,0.0
5,21.99
0,0.0
4,47.99
0,0.0
0,0.0
1,30.0
0,0.0
0,0.0
0,0.0
2,51.0
0,0.0
7,17.95
1,35.99
0,0.0
1,49.0
0,0.0
0,0.0
4,51.5
0,0.0
0,0.0
2,23.494999999999997
0,0.0
1,10.0
0,0.0
1,25.0
0,0.0
21,23.0
0,0.0
1,99.98
0,0.0
1,39.0
0,0.0
1,59.49
0,0.0
2,12.57
5,29.99
0,0.0
1,55.0
7,24.98
5,60.0
2,67.495
0,0.0
1,10.0
0,0.0
3,7.0
0,0.0
4,8.5
4,19.82
4,10.0
3,7.0
4,8.5
4,19.82
4,10.0
0,0.0
1,30.0
0,0.0
7,20.0
0,0.0
1,30.0
1,31.0
8,27.494999999999997
1,50.0
5,52.94
1,20.0
0,0.0
2,48.95
0,0.0
0,0.0
0,0.0
1,38.0
1,10.0
1,120.0
0,0.0
0,0.0
0,0.0
0,0.0
21,10.0
0,0.0
1,19.0
0,0.0
3,24.99
1,10.0
2,27.475
2,17.475
0,0.0
0,0.0
0,0.0
0,0.0
0,0.0
1,24.99
0,0.0
2,27.5
6,82.5
4,27.495
1,15.0
0,0.0
0,0.0
1,55.0
1,50.0
1,25.0
0,0.0
3,27.0
2,168.975
5,11.0
5,20.0
2,145.0
0,0.0
4,6.0
2,30.490000000000002
0,0.0
1,70.0
7,35.0
0,0.0
0,0.0
5,25.0
0,0.0
1,24.0
0,0.0
0,0.0
6,7.245
9,49.94
0,0.0
0,0.0
0,0.0
0,0.0
0,0.0
0,0.0
2,16.23
2,14.99
0,0.0
0,0.0
0,0.0
13,19.99
0,0.0
1,165.0
0,0.0
0,0.0
0,0.0
0,0.0
3,35.99
1,17.99
2,105.0
5,15.0
0,0.0
1,40.0
6,20.0
2,67.475
0,0.0
4,50.0
1,32.0
2,42.5
0,0.0
6,27.475
6,10.0
0,0.0
1,10.0
1,100.0
4,17.47
1,40.0
0,0.0
0,0.0
0,0.0
0,0.0
1,40.0
7,42.0
15,29.99
0,0.0
1,10.0
1,24.0
2,11.0
0,0.0
1,28.0
2,99.99
2,28.475
0,0.0
0,0.0
1,25.0
1,8.0
1,40.0
1,30.0
0,0.0
5,7.95
0,0.0
0,0.0
0,0.0
0,0.0
3,40.0
0,0.0
0,0.0
0,0.0
0,0.0
0,0.0
2,32.5
0,0.0
0,0.0
0,0.0
0,0.0
2,98.99
2,15.995
2,12.5
2,29.0
3,45.0
1,140.0
1,45.0
0,0.0
0,0.0
0,0.0
1,9.99
1,40.0
6,9.5
0,0.0
12,10.995000000000001
0,0.0
4,19.5
2,10.0
4,20.5
0,0.0
0,0.0
8,9.0
9,75.0
3,20.0
0,0.0
0,0.0
0,0.0
3,15.0
1,48.99
3,42.0
0,0.0
0,0.0
0,0.0
0,0.0
1,15.99
1,25.0
1,21.0
0,0.0
0,0.0
0,0.0
0,0.0
1,19.0
7,7.0
7,20.0
1,45.0
0,0.0
2,26.0
0,0.0
3,14.95
0,0.0
1,20.0
0,0.0
6,17.5
4,43.495000000000005
5,8.0
1,8.5
1,45.0
6,20.0
1,20.0
2,5.0
1,15.0
0,0.0
1,25.0
5,45.0
0,0.0
1,39.0
0,0.0
2,13.745
1,14.99
9,14.0
0,0.0
2,28.5
1,25.0
2,44.995000000000005
1,14.0
2,22.0
0,0.0
0,0.0
0,0.0
0,0.0
1,40.0
4,80.0
0,0.0
2,22.994999999999997
0,0.0
1,80.0
0,0.0
0,0.0
1,75.0
0,0.0
0,0.0
0,0.0
0,0.0
0,0.0
1,30.0
2,22.0
4,5.5
0,0.0
5,5.0
0,0.0
0,0.0
1,50.0
2,174.99
6,30.0
1,18.0
0,0.0
8,10.0
2,11.3
0,0.0
4,30.0
0,0.0
1,29.0
0,0.0
0,0.0
0,0.0
0,0.0
0,0.0
0,0.0
0,0.0
1,44.0
2,140.0
0,0.0
1,50.0
0,0.0
4,26.0
2,22.5
8,24.97
1,30.0
0,0.0
0,0.0
0,0.0
2,94.99
5,45.0
1,49.95
1,12.0
0,0.0
0,0.0
0,0.0
0,0.0
0,0.0
0,0.0
0,0.0
0,0.0
1,30.0
1,20.0
0,0.0
0,0.0
0,0.0
4,10.0
0,0.0
0,0.0
2,41.0
3,50.0
1,70.0
0,0.0
0,0.0
1,34.99
0,0.0
8,82.5
1,16.0
0,0.0
1,49.0
1,1005.0
0,0.0
0,0.0
1,14.5
1,30.0
1,21.0
2,47.5
0,0.0
4,72.5
0,0.0
0,0.0
1,30.0
1,17.5
0,0.0
0,0.0
0,0.0
2,16.0
0,0.0
3,10.0
2,37.5
1,30.0
1,8.0
13,15.0
2,41.0
0,0.0
0,0.0
2,22.0
1,25.0
0,0.0
6,10.0
0,0.0
2,46.495000000000005
8,21.0
0,0.0
0,0.0
1,36.99
0,0.0
0,0.0
0,0.0
2,23.0
0,0.0
3,5.0
0,0.0
0,0.0
1,15.0
1,30.0
0,0.0
0,0.0
1,85.0
2,13.5
2,37.245
0,0.0
2,62.995000000000005
5,88.0
1,80.0
1,20.0
3,20.0
0,0.0
6,19.0
0,0.0
3,22.49
1,145.0
0,0.0
2,52.5
1,50.0
1,25.0
0,0.0
0,0.0
1,75.0
3,9.0
0,0.0
2,154.995
0,0.0
1,9.0
0,0.0
0,0.0
3,48.99
2,19.25
6,17.5
0,0.0
0,0.0
0,0.0
2,140.0
1,13.0
2,525.0
1,10.0
0,0.0
2,49.245000000000005
0,0.0
0,0.0
